name_sat,a,e,i,t,firing,detected_by_GS,nom_station
Sat_real_1,7500000.000000,0.005000,0.575959,1.004000,0,0
Sat_real_1,7500010.172646,0.004999,0.575960,61.004000,0,0
Sat_real_1,7500054.840580,0.004994,0.575966,121.004000,0,0
Sat_real_1,7500133.991282,0.004984,0.575975,181.004000,0,0
Sat_real_1,7500247.017430,0.004972,0.575987,241.004000,0,0
Sat_real_1,7500392.657962,0.004956,0.576002,301.004000,0,0
Sat_real_1,7500568.970133,0.004938,0.576020,361.004000,0,0
Sat_real_1,7500773.478935,0.004918,0.576041,421.004000,0,0
Sat_real_1,7501003.180462,0.004898,0.576065,481.004000,0,0
Sat_real_1,7501254.722475,0.004879,0.576091,541.004000,0,0
Sat_real_1,7501524.508443,0.004862,0.576118,601.004000,0,0
Sat_real_1,7501808.768776,0.004849,0.576147,661.004000,0,0
Sat_real_1,7502103.718752,0.004839,0.576177,721.004000,0,0
Sat_real_1,7502405.494227,0.004834,0.576208,781.004000,0,0
Sat_real_1,7502710.207646,0.004836,0.576239,841.004000,0,0
Sat_real_1,7503013.908147,0.004844,0.576270,901.004000,0,0
Sat_real_1,7503312.578200,0.004860,0.576300,961.004000,0,0
Sat_real_1,7503602.158399,0.004883,0.576330,1021.004000,0,0
Sat_real_1,7503878.602967,0.004914,0.576358,1081.004000,0,0
Sat_real_1,7504137.920320,0.004953,0.576384,1141.004000,0,0
Sat_real_1,7504376.332542,0.004998,0.576408,1201.004000,0,0
Sat_real_1,7504590.405961,0.005050,0.576430,1261.004000,0,0
Sat_real_1,7504777.113415,0.005107,0.576449,1321.004000,0,0
Sat_real_1,7504933.962759,0.005169,0.576466,1381.004000,0,0
Sat_real_1,7505058.971277,0.005234,0.576479,1441.004000,0,0
Sat_real_1,7505150.694597,0.005301,0.576488,1501.004000,0,0
Sat_real_1,7505208.177108,0.005369,0.576494,1561.004000,0,0
Sat_real_1,7505230.829499,0.005437,0.576497,1621.004000,0,0
Sat_real_1,7505218.408185,0.005504,0.576496,1681.004000,0,0
Sat_real_1,7505170.912768,0.005568,0.576492,1741.004000,0,0
Sat_real_1,7505088.632225,0.005629,0.576484,1801.004000,0,0
Sat_real_1,7504972.197419,0.005685,0.576472,1861.004000,0,0
Sat_real_1,7504822.610827,0.005736,0.576457,1921.004000,0,0
Sat_real_1,7504641.395997,0.005782,0.576440,1981.004000,0,0
Sat_real_1,7504430.620289,0.005821,0.576419,2041.004000,0,0
Sat_real_1,7504192.990516,0.005854,0.576396,2101.004000,0,0
Sat_real_1,7503931.850340,0.005879,0.576370,2161.004000,0,0
Sat_real_1,7503651.057853,0.005898,0.576343,2221.004000,0,0
Sat_real_1,7503354.913687,0.005909,0.576314,2281.004000,0,0
Sat_real_1,7503047.941743,0.005914,0.576284,2341.004000,0,0
Sat_real_1,7502734.774124,0.005913,0.576253,2401.004000,0,0
Sat_real_1,7502420.017792,0.005907,0.576222,2461.004000,0,0
Sat_real_1,7502108.106502,0.005896,0.576191,2521.004000,0,0
Sat_real_1,7501803.311935,0.005880,0.576161,2581.004000,0,0
Sat_real_1,7501509.683815,0.005862,0.576132,2641.004000,0,0
Sat_real_1,7501231.135608,0.005842,0.576104,2701.004000,0,0
Sat_real_1,7500971.491424,0.005821,0.576078,2761.004000,0,0
Sat_real_1,7500734.447783,0.005799,0.576054,2821.004000,0,0
Sat_real_1,7500523.600840,0.005778,0.576032,2881.004000,0,0
Sat_real_1,7500342.314141,0.005759,0.576014,2941.004000,0,0
Sat_real_1,7500193.647931,0.005742,0.575998,3001.004000,0,0
Sat_real_1,7500080.188971,0.005729,0.575986,3061.004000,0,0
Sat_real_1,7500003.895087,0.005720,0.575978,3121.004000,0,0
Sat_real_1,7499965.935222,0.005716,0.575973,3181.004000,0,0
Sat_real_1,7499966.726484,0.005716,0.575972,3241.004000,0,0
Sat_real_1,7500005.818677,0.005721,0.575975,3301.004000,0,0
Sat_real_1,7500082.025229,0.005730,0.575981,3361.004000,0,0
Sat_real_1,7500193.518738,0.005743,0.575991,3421.004000,0,0
Sat_real_1,7500337.941824,0.005760,0.576005,3481.004000,0,0
Sat_real_1,7500512.670191,0.005779,0.576022,3541.004000,0,0
Sat_real_1,7500714.829463,0.005800,0.576042,3601.004000,0,0
Sat_real_1,7500941.455737,0.005821,0.576065,3661.004000,0,0
Sat_real_1,7501189.517628,0.005843,0.576090,3721.004000,0,0
Sat_real_1,7501455.879342,0.005864,0.576118,3781.004000,0,0
Sat_real_1,7501737.369642,0.005883,0.576147,3841.004000,0,0
Sat_real_1,7502030.623607,0.005899,0.576178,3901.004000,0,0
Sat_real_1,7502332.102057,0.005912,0.576209,3961.004000,0,0
Sat_real_1,7502638.046280,0.005920,0.576242,4021.004000,0,0
Sat_real_1,7502944.448970,0.005924,0.576274,4081.004000,0,0
Sat_real_1,7503247.204592,0.005922,0.576306,4141.004000,0,0
Sat_real_1,7503542.073591,0.005913,0.576337,4201.004000,0,0
Sat_real_1,7503824.847730,0.005899,0.576367,4261.004000,0,0
Sat_real_1,7504091.437533,0.005877,0.576395,4321.004000,0,0
Sat_real_1,7504337.942575,0.005849,0.576421,4381.004000,0,0
Sat_real_1,7504560.847801,0.005814,0.576445,4441.004000,0,0
Sat_real_1,7504756.985628,0.005772,0.576466,4501.004000,0,0
Sat_real_1,7504923.647521,0.005724,0.576484,4561.004000,0,0
Sat_real_1,7505058.587414,0.005670,0.576499,4621.004000,0,0
Sat_real_1,7505159.993692,0.005612,0.576510,4681.004000,0,0
Sat_real_1,7505226.585205,0.005549,0.576518,4741.004000,0,0
Sat_real_1,7505257.498913,0.005484,0.576522,4801.004000,0,0
Sat_real_1,7505252.347857,0.005416,0.576523,4861.004000,0,0
Sat_real_1,7505211.203050,0.005347,0.576520,4921.004000,0,0
Sat_real_1,7505134.568136,0.005279,0.576513,4981.004000,0,0
Sat_real_1,7505023.491792,0.005212,0.576503,5041.004000,0,0
Sat_real_1,7504879.474983,0.005147,0.576489,5101.004000,0,0
Sat_real_1,7504704.535342,0.005087,0.576472,5161.004000,0,0
Sat_real_1,7504501.173805,0.005031,0.576453,5221.004000,0,0
Sat_real_1,7504272.307205,0.004982,0.576430,5281.004000,0,0
Sat_real_1,7504021.305753,0.004939,0.576405,5341.004000,0,0
Sat_real_1,7503751.814690,0.004903,0.576379,5401.004000,0,0
Sat_real_1,7503467.720637,0.004875,0.576350,5461.004000,0,0
Sat_real_1,7503173.034918,0.004854,0.576321,5521.004000,0,0
Sat_real_1,7502871.769974,0.004841,0.576290,5581.004000,0,0
Sat_real_1,7502567.957623,0.004835,0.576259,5641.004000,0,0
Sat_real_1,7502265.499274,0.004835,0.576228,5701.004000,0,0
Sat_real_1,7501968.197378,0.004841,0.576198,5761.004000,0,0
Sat_real_1,7501679.730898,0.004852,0.576168,5821.004000,0,0
Sat_real_1,7501403.629958,0.004866,0.576140,5881.004000,0,0
Sat_real_1,7501143.375180,0.004883,0.576113,5941.004000,0,0
Sat_real_1,7500902.294700,0.004902,0.576088,6001.004000,0,0
Sat_real_1,7500683.593658,0.004921,0.576066,6061.004000,0,0
Sat_real_1,7500490.280165,0.004940,0.576046,6121.004000,0,0
Sat_real_1,7500325.054684,0.004957,0.576029,6181.004000,0,0
Sat_real_1,7500190.301980,0.004972,0.576015,6241.004000,0,0
Sat_real_1,7500087.901085,0.004984,0.576004,6301.004000,0,0
Sat_real_1,7500019.198888,0.004992,0.575997,6361.004000,0,0
Sat_real_1,7499984.941884,0.004996,0.575993,6421.004000,0,0
Sat_real_1,7499985.236281,0.004996,0.575993,6481.004000,0,0
Sat_real_1,7500019.675077,0.004991,0.575996,6541.004000,0,0
Sat_real_1,7500087.317340,0.004983,0.576003,6601.004000,0,0
Sat_real_1,7500186.844902,0.004972,0.576014,6661.004000,0,0
Sat_real_1,7500316.648853,0.004957,0.576027,6721.004000,0,0
Sat_real_1,7500474.889491,0.004940,0.576044,6781.004000,0,0
Sat_real_1,7500659.644734,0.004922,0.576064,6841.004000,0,0
Sat_real_1,7500868.834480,0.004903,0.576086,6901.004000,0,0
Sat_real_1,7501100.253858,0.004885,0.576111,6961.004000,0,0
Sat_real_1,7501351.501034,0.004867,0.576137,7021.004000,0,0
Sat_real_1,7501619.878621,0.004852,0.576166,7081.004000,0,0
Sat_real_1,7501902.420322,0.004840,0.576195,7141.004000,0,0
Sat_real_1,7502195.762418,0.004832,0.576226,7201.004000,0,0
Sat_real_1,7502496.205041,0.004830,0.576257,7261.004000,0,0
Sat_real_1,7502799.743551,0.004833,0.576288,7321.004000,0,0
Sat_real_1,7503102.135175,0.004844,0.576318,7381.004000,0,0
Sat_real_1,7503399.077117,0.004862,0.576348,7441.004000,0,0
Sat_real_1,7503686.293332,0.004887,0.576377,7501.004000,0,0
Sat_real_1,7503959.670365,0.004920,0.576404,7561.004000,0,0
Sat_real_1,7504215.299191,0.004961,0.576430,7621.004000,0,0
Sat_real_1,7504449.624985,0.005008,0.576453,7681.004000,0,0
Sat_real_1,7504659.400952,0.005062,0.576474,7741.004000,0,0
Sat_real_1,7504841.720974,0.005121,0.576492,7801.004000,0,0
Sat_real_1,7504994.026722,0.005184,0.576506,7861.004000,0,0
Sat_real_1,7505114.060518,0.005250,0.576518,7921.004000,0,0
Sat_real_1,7505199.984999,0.005318,0.576526,7981.004000,0,0
Sat_real_1,7505250.355365,0.005387,0.576531,8041.004000,0,0
Sat_real_1,7505264.212996,0.005455,0.576532,8101.004000,0,0
Sat_real_1,7505241.163677,0.005522,0.576529,8161.004000,0,0
Sat_real_1,7505181.377621,0.005586,0.576523,8221.004000,0,0
Sat_real_1,7505085.711134,0.005646,0.576513,8281.004000,0,0
Sat_real_1,7504955.611529,0.005701,0.576500,8341.004000,0,0
Sat_real_1,7504793.085659,0.005751,0.576483,8401.004000,0,0
Sat_real_1,7504600.614204,0.005794,0.576464,8461.004000,0,0
Sat_real_1,7504380.983942,0.005831,0.576442,8521.004000,0,0
Sat_real_1,7504137.278411,0.005862,0.576418,8581.004000,0,0
Sat_real_1,7503872.718111,0.005886,0.576391,8641.004000,0,0
Sat_real_1,7503590.648153,0.005902,0.576363,8701.004000,0,0
Sat_real_1,7503294.548905,0.005913,0.576333,8761.004000,0,0
Sat_real_1,7502988.010800,0.005916,0.576302,8821.004000,0,0
Sat_real_1,7502674.885602,0.005914,0.576271,8881.004000,0,0
Sat_real_1,7502359.240035,0.005906,0.576240,8941.004000,0,0
Sat_real_1,7502045.390272,0.005894,0.576209,9001.004000,0,0
Sat_real_1,7501737.866704,0.005878,0.576179,9061.004000,0,0
Sat_real_1,7501441.259993,0.005858,0.576151,9121.004000,0,0
Sat_real_1,7501160.183768,0.005837,0.576123,9181.004000,0,0
Sat_real_1,7500899.035927,0.005814,0.576098,9241.004000,0,0
Sat_real_1,7500661.876497,0.005792,0.576076,9301.004000,0,0
Sat_real_1,7500452.308550,0.005770,0.576056,9361.004000,0,0
Sat_real_1,7500273.385436,0.005751,0.576039,9421.004000,0,0
Sat_real_1,7500127.619820,0.005735,0.576025,9481.004000,0,0
Sat_real_1,7500017.009872,0.005722,0.576014,9541.004000,0,0
Sat_real_1,7499943.045691,0.005713,0.576007,9601.004000,0,0
Sat_real_1,7499906.785704,0.005709,0.576004,9661.004000,0,0
Sat_real_1,7499908.926834,0.005709,0.576005,9721.004000,0,0
Sat_real_1,7499949.714451,0.005714,0.576009,9781.004000,0,0
Sat_real_1,7500028.960894,0.005724,0.576017,9841.004000,0,0
Sat_real_1,7500145.912500,0.005737,0.576029,9901.004000,0,0
Sat_real_1,7500299.191997,0.005755,0.576044,9961.004000,0,0
Sat_real_1,7500486.774940,0.005776,0.576062,10021.004000,0,0
Sat_real_1,7500705.888253,0.005798,0.576083,10081.004000,0,0
Sat_real_1,7500953.108866,0.005822,0.576107,10141.004000,0,0
Sat_real_1,7501224.397044,0.005846,0.576133,10201.004000,0,0
Sat_real_1,7501515.261499,0.005868,0.576161,10261.004000,0,0
Sat_real_1,7501820.969990,0.005889,0.576191,10321.004000,0,0
Sat_real_1,7502136.637122,0.005906,0.576222,10381.004000,0,0
Sat_real_1,7502457.441209,0.005919,0.576254,10441.004000,0,0
Sat_real_1,7502778.679595,0.005927,0.576286,10501.004000,0,0
Sat_real_1,7503095.862981,0.005929,0.576318,10561.004000,0,0
Sat_real_1,7503404.784450,0.005926,0.576349,10621.004000,0,0
Sat_real_1,7503701.444187,0.005915,0.576380,10681.004000,0,0
Sat_real_1,7503982.103779,0.005897,0.576409,10741.004000,0,0
Sat_real_1,7504243.225775,0.005873,0.576436,10801.004000,0,0
Sat_real_1,7504481.508670,0.005841,0.576461,10861.004000,0,0
Sat_real_1,7504693.957255,0.005803,0.576484,10921.004000,0,0
Sat_real_1,7504877.850308,0.005758,0.576504,10981.004000,0,0
Sat_real_1,7505030.857432,0.005708,0.576521,11041.004000,0,0
Sat_real_1,7505151.033691,0.005652,0.576534,11101.004000,0,0
Sat_real_1,7505236.881743,0.005591,0.576545,11161.004000,0,0
Sat_real_1,7505287.411392,0.005526,0.576551,11221.004000,0,0
Sat_real_1,7505302.066677,0.005459,0.576554,11281.004000,0,0
Sat_real_1,7505280.777342,0.005390,0.576553,11341.004000,0,0
Sat_real_1,7505223.888994,0.005321,0.576549,11401.004000,0,0
Sat_real_1,7505132.171102,0.005252,0.576541,11461.004000,0,0
Sat_real_1,7505006.845927,0.005186,0.576529,11521.004000,0,0
Sat_real_1,7504849.512341,0.005122,0.576515,11581.004000,0,0
Sat_real_1,7504662.208263,0.005063,0.576497,11641.004000,0,0
Sat_real_1,7504447.358935,0.005009,0.576476,11701.004000,0,0
Sat_real_1,7504207.792292,0.004961,0.576453,11761.004000,0,0
Sat_real_1,7503946.754404,0.004920,0.576427,11821.004000,0,0
Sat_real_1,7503667.798308,0.004886,0.576400,11881.004000,0,0
Sat_real_1,7503374.786515,0.004861,0.576371,11941.004000,0,0
Sat_real_1,7503071.771138,0.004843,0.576341,12001.004000,0,0
Sat_real_1,7502762.939261,0.004832,0.576311,12061.004000,0,0
Sat_real_1,7502452.571008,0.004829,0.576280,12121.004000,0,0
Sat_real_1,7502144.896334,0.004831,0.576249,12181.004000,0,0
Sat_real_1,7501844.085715,0.004840,0.576219,12241.004000,0,0
Sat_real_1,7501554.142510,0.004852,0.576190,12301.004000,0,0
Sat_real_1,7501278.873781,0.004868,0.576162,12361.004000,0,0
Sat_real_1,7501021.880184,0.004887,0.576137,12421.004000,0,0
Sat_real_1,7500786.445168,0.004906,0.576113,12481.004000,0,0
Sat_real_1,7500575.553042,0.004925,0.576091,12541.004000,0,0
Sat_real_1,7500391.807496,0.004944,0.576073,12601.004000,0,0
Sat_real_1,7500237.428128,0.004960,0.576057,12661.004000,0,0
Sat_real_1,7500114.270840,0.004974,0.576044,12721.004000,0,0
Sat_real_1,7500023.757152,0.004984,0.576035,12781.004000,0,0
Sat_real_1,7499966.936462,0.004991,0.576029,12841.004000,0,0
Sat_real_1,7499944.450391,0.004994,0.576027,12901.004000,0,0
Sat_real_1,7499956.566266,0.004992,0.576029,12961.004000,0,0
Sat_real_1,7500003.216472,0.004986,0.576034,13021.004000,0,0
Sat_real_1,7500083.923339,0.004976,0.576042,13081.004000,0,0
Sat_real_1,7500197.831717,0.004963,0.576054,13141.004000,0,0
Sat_real_1,7500343.627493,0.004947,0.576069,13201.004000,0,0
Sat_real_1,7500519.522215,0.004928,0.576087,13261.004000,0,0
Sat_real_1,7500723.259677,0.004908,0.576107,13321.004000,0,0
Sat_real_1,7500952.044416,0.004888,0.576131,13381.004000,0,0
Sat_real_1,7501202.624862,0.004868,0.576156,13441.004000,0,0
Sat_real_1,7501471.311982,0.004850,0.576184,13501.004000,0,0
Sat_real_1,7501754.105772,0.004835,0.576213,13561.004000,0,0
Sat_real_1,7502046.864090,0.004825,0.576243,13621.004000,0,0
Sat_real_1,7502345.376681,0.004819,0.576273,13681.004000,0,0
Sat_real_1,7502645.557584,0.004820,0.576305,13741.004000,0,0
Sat_real_1,7502943.500891,0.004827,0.576336,13801.004000,0,0
Sat_real_1,7503235.570893,0.004841,0.576366,13861.004000,0,0
Sat_real_1,7503518.423271,0.004863,0.576396,13921.004000,0,0
Sat_real_1,7503788.967219,0.004892,0.576424,13981.004000,0,0
Sat_real_1,7504044.292943,0.004929,0.576451,14041.004000,0,0
Sat_real_1,7504281.582967,0.004972,0.576475,14101.004000,0,0
Sat_real_1,7504498.136518,0.005022,0.576497,14161.004000,0,0
Sat_real_1,7504691.250451,0.005077,0.576517,14221.004000,0,0
Sat_real_1,7504858.298557,0.005137,0.576533,14281.004000,0,0
Sat_real_1,7504996.763880,0.005201,0.576546,14341.004000,0,0
Sat_real_1,7505104.314015,0.005267,0.576556,14401.004000,0,0
Sat_real_1,7505179.001098,0.005335,0.576562,14461.004000,0,0
Sat_real_1,7505219.269887,0.005404,0.576565,14521.004000,0,0
Sat_real_1,7505224.109654,0.005471,0.576564,14581.004000,0,0
Sat_real_1,7505193.076107,0.005537,0.576559,14641.004000,0,0
Sat_real_1,7505126.286255,0.005600,0.576551,14701.004000,0,0
Sat_real_1,7505024.485980,0.005658,0.576540,14761.004000,0,0
Sat_real_1,7504888.912946,0.005712,0.576525,14821.004000,0,0
Sat_real_1,7504721.316688,0.005760,0.576507,14881.004000,0,0
Sat_real_1,7504523.890130,0.005803,0.576486,14941.004000,0,0
Sat_real_1,7504299.222455,0.005838,0.576462,15001.004000,0,0
Sat_real_1,7504050.373614,0.005867,0.576437,15061.004000,0,0
Sat_real_1,7503780.755689,0.005888,0.576409,15121.004000,0,0
Sat_real_1,7503494.174971,0.005903,0.576380,15181.004000,0,0
Sat_real_1,7503194.752153,0.005911,0.576350,15241.004000,0,0
Sat_real_1,7502886.824561,0.005913,0.576319,15301.004000,0,0
Sat_real_1,7502574.932285,0.005910,0.576287,15361.004000,0,0
Sat_real_1,7502263.593715,0.005901,0.576256,15421.004000,0,0
Sat_real_1,7501957.253098,0.005887,0.576226,15481.004000,0,0
Sat_real_1,7501660.148252,0.005871,0.576196,15541.004000,0,0
Sat_real_1,7501376.221810,0.005852,0.576168,15601.004000,0,0
Sat_real_1,7501109.189518,0.005831,0.576142,15661.004000,0,0
Sat_real_1,7500862.441581,0.005809,0.576117,15721.004000,0,0
Sat_real_1,7500639.144191,0.005788,0.576096,15781.004000,0,0
Sat_real_1,7500442.228574,0.005768,0.576077,15841.004000,0,0
Sat_real_1,7500274.432509,0.005750,0.576061,15901.004000,0,0
Sat_real_1,7500138.268502,0.005735,0.576049,15961.004000,0,0
Sat_real_1,7500035.970688,0.005723,0.576040,16021.004000,0,0
Sat_real_1,7499969.340310,0.005715,0.576035,16081.004000,0,0
Sat_real_1,7499939.727769,0.005711,0.576033,16141.004000,0,0
Sat_real_1,7499947.873344,0.005712,0.576035,16201.004000,0,0
Sat_real_1,7499993.850842,0.005718,0.576041,16261.004000,0,0
Sat_real_1,7500077.077598,0.005728,0.576051,16321.004000,0,0
Sat_real_1,7500196.287455,0.005741,0.576064,16381.004000,0,0
Sat_real_1,7500349.708739,0.005758,0.576080,16441.004000,0,0
Sat_real_1,7500535.104776,0.005778,0.576100,16501.004000,0,0
Sat_real_1,7500749.882157,0.005800,0.576122,16561.004000,0,0
Sat_real_1,7500991.188354,0.005822,0.576147,16621.004000,0,0
Sat_real_1,7501255.880457,0.005844,0.576174,16681.004000,0,0
Sat_real_1,7501540.608358,0.005865,0.576203,16741.004000,0,0
Sat_real_1,7501841.716874,0.005884,0.576233,16801.004000,0,0
Sat_real_1,7502155.210848,0.005900,0.576264,16861.004000,0,0
Sat_real_1,7502476.756599,0.005913,0.576295,16921.004000,0,0
Sat_real_1,7502801.638131,0.005920,0.576327,16981.004000,0,0
Sat_real_1,7503124.925487,0.005922,0.576358,17041.004000,0,0
Sat_real_1,7503441.540864,0.005918,0.576389,17101.004000,0,0
Sat_real_1,7503746.431757,0.005907,0.576419,17161.004000,0,0
Sat_real_1,7504034.773297,0.005888,0.576447,17221.004000,0,0
Sat_real_1,7504302.069068,0.005863,0.576473,17281.004000,0,0
Sat_real_1,7504544.369368,0.005830,0.576496,17341.004000,0,0
Sat_real_1,7504758.286575,0.005790,0.576517,17401.004000,0,0
Sat_real_1,7504941.026602,0.005743,0.576535,17461.004000,0,0
Sat_real_1,7505090.393604,0.005691,0.576550,17521.004000,0,0
Sat_real_1,7505204.687783,0.005633,0.576562,17581.004000,0,0
Sat_real_1,7505282.747635,0.005570,0.576570,17641.004000,0,0
Sat_real_1,7505323.860062,0.005504,0.576574,17701.004000,0,0
Sat_real_1,7505327.757122,0.005435,0.576575,17761.004000,0,0
Sat_real_1,7505294.648062,0.005365,0.576572,17821.004000,0,0
Sat_real_1,7505225.179095,0.005295,0.576565,17881.004000,0,0
Sat_real_1,7505120.537970,0.005227,0.576555,17941.004000,0,0
Sat_real_1,7504982.395954,0.005160,0.576541,18001.004000,0,0
Sat_real_1,7504812.889253,0.005097,0.576525,18061.004000,0,0
Sat_real_1,7504614.587716,0.005039,0.576505,18121.004000,0,0
Sat_real_1,7504390.363675,0.004986,0.576483,18181.004000,0,0
Sat_real_1,7504143.393914,0.004940,0.576458,18241.004000,0,0
Sat_real_1,7503877.030172,0.004901,0.576431,18301.004000,0,0
Sat_real_1,7503594.750853,0.004869,0.576403,18361.004000,0,0
Sat_real_1,7503300.151951,0.004845,0.576373,18421.004000,0,0
Sat_real_1,7502996.882466,0.004829,0.576343,18481.004000,0,0
Sat_real_1,7502688.734456,0.004820,0.576312,18541.004000,0,0
Sat_real_1,7502379.594770,0.004818,0.576281,18601.004000,0,0
Sat_real_1,7502073.444896,0.004822,0.576250,18661.004000,0,0
Sat_real_1,7501774.349636,0.004832,0.576221,18721.004000,0,0
Sat_real_1,7501486.341470,0.004845,0.576192,18781.004000,0,0
Sat_real_1,7501213.413909,0.004862,0.576165,18841.004000,0,0
Sat_real_1,7500959.369167,0.004881,0.576140,18901.004000,0,0
Sat_real_1,7500727.725621,0.004901,0.576117,18961.004000,0,0
Sat_real_1,7500521.653373,0.004920,0.576097,19021.004000,0,0
Sat_real_1,7500343.860144,0.004939,0.576079,19081.004000,0,0
Sat_real_1,7500196.640050,0.004954,0.576065,19141.004000,0,0
Sat_real_1,7500081.815334,0.004967,0.576054,19201.004000,0,0
Sat_real_1,7500000.753716,0.004977,0.576046,19261.004000,0,0
Sat_real_1,7499954.403341,0.004982,0.576042,19321.004000,0,0
Sat_real_1,7499943.247437,0.004984,0.576041,19381.004000,0,0
Sat_real_1,7499967.379150,0.004980,0.576044,19441.004000,0,0
Sat_real_1,7500026.435068,0.004973,0.576051,19501.004000,0,0
Sat_real_1,7500119.583462,0.004962,0.576061,19561.004000,0,0
Sat_real_1,7500245.532518,0.004948,0.576074,19621.004000,0,0
Sat_real_1,7500402.482892,0.004930,0.576090,19681.004000,0,0
Sat_real_1,7500588.238419,0.004911,0.576110,19741.004000,0,0
Sat_real_1,7500800.212309,0.004891,0.576132,19801.004000,0,0
Sat_real_1,7501035.511484,0.004870,0.576156,19861.004000,0,0
Sat_real_1,7501291.039363,0.004851,0.576182,19921.004000,0,0
Sat_real_1,7501563.512236,0.004834,0.576211,19981.004000,0,0
Sat_real_1,7501849.582479,0.004820,0.576240,20041.004000,0,0
Sat_real_1,7502145.794948,0.004811,0.576270,20101.004000,0,0
Sat_real_1,7502448.569927,0.004807,0.576301,20161.004000,0,0
Sat_real_1,7502754.179175,0.004808,0.576332,20221.004000,0,0
Sat_real_1,7503058.651564,0.004817,0.576363,20281.004000,0,0
Sat_real_1,7503357.818954,0.004833,0.576393,20341.004000,0,0
Sat_real_1,7503647.310534,0.004857,0.576422,20401.004000,0,0
Sat_real_1,7503922.666126,0.004888,0.576449,20461.004000,0,0
Sat_real_1,7504179.441823,0.004928,0.576475,20521.004000,0,0
Sat_real_1,7504413.438548,0.004974,0.576498,20581.004000,0,0
Sat_real_1,7504620.931522,0.005027,0.576519,20641.004000,0,0
Sat_real_1,7504798.794366,0.005085,0.576537,20701.004000,0,0
Sat_real_1,7504944.684868,0.005148,0.576552,20761.004000,0,0
Sat_real_1,7505057.040730,0.005213,0.576564,20821.004000,0,0
Sat_real_1,7505135.078234,0.005281,0.576572,20881.004000,0,0
Sat_real_1,7505178.699004,0.005349,0.576577,20941.004000,0,0
Sat_real_1,7505188.270236,0.005416,0.576578,21001.004000,0,0
Sat_real_1,7505164.503511,0.005482,0.576575,21061.004000,0,0
Sat_real_1,7505108.249873,0.005546,0.576568,21121.004000,0,0
Sat_real_1,7505020.443057,0.005606,0.576559,21181.004000,0,0
Sat_real_1,7504902.102858,0.005662,0.576545,21241.004000,0,0
Sat_real_1,7504754.322225,0.005713,0.576529,21301.004000,0,0
Sat_real_1,7504578.427310,0.005758,0.576509,21361.004000,0,0
Sat_real_1,7504376.039606,0.005798,0.576487,21421.004000,0,0
Sat_real_1,7504149.222619,0.005831,0.576462,21481.004000,0,0
Sat_real_1,7503900.571888,0.005857,0.576435,21541.004000,0,0
Sat_real_1,7503633.160216,0.005877,0.576407,21601.004000,0,0
Sat_real_1,7503350.548024,0.005890,0.576377,21661.004000,0,0
Sat_real_1,7503056.631132,0.005896,0.576346,21721.004000,0,0
Sat_real_1,7502755.561366,0.005897,0.576314,21781.004000,0,0
Sat_real_1,7502451.653378,0.005892,0.576283,21841.004000,0,0
Sat_real_1,7502149.224737,0.005882,0.576252,21901.004000,0,0
Sat_real_1,7501852.586122,0.005869,0.576222,21961.004000,0,0
Sat_real_1,7501565.935551,0.005852,0.576192,22021.004000,0,0
Sat_real_1,7501293.364770,0.005833,0.576165,22081.004000,0,0
Sat_real_1,7501038.847494,0.005813,0.576139,22141.004000,0,0
Sat_real_1,7500806.119990,0.005792,0.576116,22201.004000,0,0
Sat_real_1,7500598.664731,0.005772,0.576096,22261.004000,0,0
Sat_real_1,7500419.568174,0.005754,0.576078,22321.004000,0,0
Sat_real_1,7500271.471666,0.005738,0.576064,22381.004000,0,0
Sat_real_1,7500156.481550,0.005725,0.576053,22441.004000,0,0
Sat_real_1,7500076.111557,0.005715,0.576046,22501.004000,0,0
Sat_real_1,7500031.246475,0.005710,0.576042,22561.004000,0,0
Sat_real_1,7500022.278269,0.005709,0.576042,22621.004000,0,0
Sat_real_1,7500049.052327,0.005713,0.576046,22681.004000,0,0
Sat_real_1,7500111.003502,0.005720,0.576054,22741.004000,0,0
Sat_real_1,7500207.180694,0.005731,0.576065,22801.004000,0,0
Sat_real_1,7500336.242169,0.005746,0.576080,22861.004000,0,0
Sat_real_1,7500496.548518,0.005763,0.576097,22921.004000,0,0
Sat_real_1,7500686.023080,0.005782,0.576118,22981.004000,0,0
Sat_real_1,7500902.185273,0.005803,0.576142,23041.004000,0,0
Sat_real_1,7501142.107054,0.005824,0.576168,23101.004000,0,0
Sat_real_1,7501402.402519,0.005844,0.576195,23161.004000,0,0
Sat_real_1,7501679.395256,0.005863,0.576225,23221.004000,0,0
Sat_real_1,7501969.112642,0.005879,0.576255,23281.004000,0,0
Sat_real_1,7502267.484648,0.005892,0.576287,23341.004000,0,0
Sat_real_1,7502570.442932,0.005901,0.576318,23401.004000,0,0
Sat_real_1,7502873.989237,0.005905,0.576349,23461.004000,0,0
Sat_real_1,7503174.343077,0.005903,0.576380,23521.004000,0,0
Sat_real_1,7503467.826986,0.005896,0.576410,23581.004000,0,0
Sat_real_1,7503750.882885,0.005882,0.576438,23641.004000,0,0
Sat_real_1,7504019.975138,0.005862,0.576465,23701.004000,0,0
Sat_real_1,7504271.502168,0.005835,0.576489,23761.004000,0,0
Sat_real_1,7504501.875040,0.005801,0.576511,23821.004000,0,0
Sat_real_1,7504707.454307,0.005760,0.576530,23881.004000,0,0
Sat_real_1,7504884.725851,0.005713,0.576547,23941.004000,0,0
Sat_real_1,7505030.437589,0.005660,0.576559,24001.004000,0,0
Sat_real_1,7505141.759397,0.005602,0.576569,24061.004000,0,0
Sat_real_1,7505216.562112,0.005540,0.576575,24121.004000,0,0
Sat_real_1,7505253.445658,0.005474,0.576577,24181.004000,0,0
Sat_real_1,7505251.874566,0.005406,0.576575,24241.004000,0,0
Sat_real_1,7505212.144644,0.005336,0.576570,24301.004000,0,0
Sat_real_1,7505135.280541,0.005267,0.576561,24361.004000,0,0
Sat_real_1,7505023.001187,0.005200,0.576548,24421.004000,0,0
Sat_real_1,7504877.479919,0.005135,0.576532,24481.004000,0,0
Sat_real_1,7504701.274491,0.005074,0.576514,24541.004000,0,0
Sat_real_1,7504497.204971,0.005018,0.576492,24601.004000,0,0
Sat_real_1,7504268.270261,0.004968,0.576468,24661.004000,0,0
Sat_real_1,7504017.723548,0.004924,0.576441,24721.004000,0,0
Sat_real_1,7503748.975774,0.004888,0.576413,24781.004000,0,0
Sat_real_1,7503465.667472,0.004859,0.576383,24841.004000,0,0
Sat_real_1,7503171.637244,0.004838,0.576353,24901.004000,0,0
Sat_real_1,7502870.861244,0.004824,0.576321,24961.004000,0,0
Sat_real_1,7502567.474825,0.004817,0.576290,25021.004000,0,0
Sat_real_1,7502265.587622,0.004817,0.576259,25081.004000,0,0
Sat_real_1,7501969.245541,0.004822,0.576228,25141.004000,0,0
Sat_real_1,7501682.319642,0.004833,0.576198,25201.004000,0,0
Sat_real_1,7501408.416197,0.004846,0.576170,25261.004000,0,0
Sat_real_1,7501150.930855,0.004863,0.576143,25321.004000,0,0
Sat_real_1,7500912.949022,0.004881,0.576119,25381.004000,0,0
Sat_real_1,7500697.320943,0.004899,0.576097,25441.004000,0,0
Sat_real_1,7500506.658451,0.004918,0.576078,25501.004000,0,0
Sat_real_1,7500343.319443,0.004934,0.576062,25561.004000,0,0
Sat_real_1,7500209.479994,0.004949,0.576049,25621.004000,0,0
Sat_real_1,7500107.001854,0.004960,0.576039,25681.004000,0,0
Sat_real_1,7500037.429880,0.004968,0.576033,25741.004000,0,0
Sat_real_1,7500001.899711,0.004972,0.576030,25801.004000,0,0
Sat_real_1,7500001.049174,0.004972,0.576031,25861.004000,0,0
Sat_real_1,7500035.057706,0.004968,0.576036,25921.004000,0,0
Sat_real_1,7500103.538271,0.004960,0.576044,25981.004000,0,0
Sat_real_1,7500205.608711,0.004948,0.576055,26041.004000,0,0
Sat_real_1,7500339.906205,0.004932,0.576070,26101.004000,0,0
Sat_real_1,7500504.611231,0.004915,0.576088,26161.004000,0,0
Sat_real_1,7500697.580177,0.004895,0.576108,26221.004000,0,0
Sat_real_1,7500916.286178,0.004875,0.576131,26281.004000,0,0
Sat_real_1,7501157.895923,0.004855,0.576157,26341.004000,0,0
Sat_real_1,7501419.253032,0.004836,0.576184,26401.004000,0,0
Sat_real_1,7501696.858260,0.004820,0.576213,26461.004000,0,0
Sat_real_1,7501986.971566,0.004808,0.576243,26521.004000,0,0
Sat_real_1,7502285.562064,0.004800,0.576274,26581.004000,0,0
Sat_real_1,7502588.441896,0.004798,0.576305,26641.004000,0,0
Sat_real_1,7502891.347261,0.004802,0.576336,26701.004000,0,0
Sat_real_1,7503190.042811,0.004814,0.576366,26761.004000,0,0
Sat_real_1,7503480.494642,0.004833,0.576396,26821.004000,0,0
Sat_real_1,7503758.923262,0.004860,0.576424,26881.004000,0,0
Sat_real_1,7504021.875292,0.004894,0.576451,26941.004000,0,0
Sat_real_1,7504266.169583,0.004935,0.576476,27001.004000,0,0
Sat_real_1,7504488.931001,0.004984,0.576498,27061.004000,0,0
Sat_real_1,7504687.452465,0.005038,0.576518,27121.004000,0,0
Sat_real_1,7504859.130580,0.005097,0.576534,27181.004000,0,0
Sat_real_1,7505001.436862,0.005160,0.576548,27241.004000,0,0
Sat_real_1,7505111.872743,0.005226,0.576558,27301.004000,0,0
Sat_real_1,7505188.144258,0.005294,0.576565,27361.004000,0,0
Sat_real_1,7505228.251017,0.005363,0.576568,27421.004000,0,0
Sat_real_1,7505230.699380,0.005431,0.576567,27481.004000,0,0
Sat_real_1,7505194.727399,0.005498,0.576563,27541.004000,0,0
Sat_real_1,7505120.417852,0.005561,0.576555,27601.004000,0,0
Sat_real_1,7505008.886402,0.005620,0.576543,27661.004000,0,0
Sat_real_1,7504862.214158,0.005674,0.576528,27721.004000,0,0
Sat_real_1,7504683.353995,0.005722,0.576510,27781.004000,0,0
Sat_real_1,7504475.950497,0.005764,0.576489,27841.004000,0,0
Sat_real_1,7504244.030490,0.005800,0.576466,27901.004000,0,0
Sat_real_1,7503991.831383,0.005828,0.576440,27961.004000,0,0
Sat_real_1,7503723.514769,0.005850,0.576412,28021.004000,0,0
Sat_real_1,7503443.030330,0.005866,0.576383,28081.004000,0,0
Sat_real_1,7503154.073940,0.005876,0.576353,28141.004000,0,0
Sat_real_1,7502860.048939,0.005879,0.576321,28201.004000,0,0
Sat_real_1,7502564.252704,0.005878,0.576290,28261.004000,0,0
Sat_real_1,7502269.922104,0.005872,0.576258,28321.004000,0,0
Sat_real_1,7501980.355548,0.005861,0.576227,28381.004000,0,0
Sat_real_1,7501698.997528,0.005847,0.576198,28441.004000,0,0
Sat_real_1,7501429.383834,0.005831,0.576169,28501.004000,0,0
Sat_real_1,7501175.182116,0.005813,0.576142,28561.004000,0,0
Sat_real_1,7500940.024648,0.005793,0.576118,28621.004000,0,0
Sat_real_1,7500727.399296,0.005774,0.576096,28681.004000,0,0
Sat_real_1,7500540.536349,0.005756,0.576077,28741.004000,0,0
Sat_real_1,7500382.284545,0.005740,0.576061,28801.004000,0,0
Sat_real_1,7500255.065664,0.005726,0.576048,28861.004000,0,0
Sat_real_1,7500160.842950,0.005716,0.576039,28921.004000,0,0
Sat_real_1,7500101.059399,0.005709,0.576033,28981.004000,0,0
Sat_real_1,7500076.672353,0.005706,0.576031,29041.004000,0,0
Sat_real_1,7500088.178649,0.005708,0.576033,29101.004000,0,0
Sat_real_1,7500135.532701,0.005714,0.576038,29161.004000,0,0
Sat_real_1,7500218.190952,0.005724,0.576047,29221.004000,0,0
Sat_real_1,7500335.031630,0.005737,0.576060,29281.004000,0,0
Sat_real_1,7500484.381390,0.005754,0.576076,29341.004000,0,0
Sat_real_1,7500664.053571,0.005773,0.576095,29401.004000,0,0
Sat_real_1,7500871.314281,0.005794,0.576117,29461.004000,0,0
Sat_real_1,7501103.006409,0.005815,0.576142,29521.004000,0,0
Sat_real_1,7501355.568392,0.005836,0.576168,29581.004000,0,0
Sat_real_1,7501625.159635,0.005856,0.576197,29641.004000,0,0
Sat_real_1,7501907.775700,0.005873,0.576227,29701.004000,0,0
Sat_real_1,7502199.255451,0.005888,0.576258,29761.004000,0,0
Sat_real_1,7502495.409130,0.005898,0.576290,29821.004000,0,0
Sat_real_1,7502792.014380,0.005904,0.576322,29881.004000,0,0
Sat_real_1,7503084.905032,0.005905,0.576353,29941.004000,0,0
Sat_real_1,7503370.055047,0.005899,0.576384,30001.004000,0,0
Sat_real_1,7503643.573837,0.005888,0.576414,30061.004000,0,0
Sat_real_1,7503901.837212,0.005869,0.576442,30121.004000,0,0
Sat_real_1,7504141.496518,0.005845,0.576468,30181.004000,0,0
Sat_real_1,7504359.571051,0.005814,0.576492,30241.004000,0,0
Sat_real_1,7504553.509523,0.005776,0.576513,30301.004000,0,0
Sat_real_1,7504721.126853,0.005732,0.576532,30361.004000,0,0
Sat_real_1,7504860.638275,0.005683,0.576547,30421.004000,0,0
Sat_real_1,7504970.552835,0.005629,0.576559,30481.004000,0,0
Sat_real_1,7505049.650200,0.005571,0.576567,30541.004000,0,0
Sat_real_1,7505096.959332,0.005509,0.576572,30601.004000,0,0
Sat_real_1,7505111.673225,0.005445,0.576573,30661.004000,0,0
Sat_real_1,7505093.226404,0.005379,0.576570,30721.004000,0,0
Sat_real_1,7505041.297620,0.005312,0.576564,30781.004000,0,0
Sat_real_1,7504955.936204,0.005246,0.576554,30841.004000,0,0
Sat_real_1,7504837.695893,0.005181,0.576540,30901.004000,0,0
Sat_real_1,7504687.667028,0.005120,0.576523,30961.004000,0,0
Sat_real_1,7504507.602284,0.005062,0.576504,31021.004000,0,0
Sat_real_1,7504299.880321,0.005010,0.576481,31081.004000,0,0
Sat_real_1,7504067.500770,0.004963,0.576456,31141.004000,0,0
Sat_real_1,7503814.017418,0.004924,0.576429,31201.004000,0,0
Sat_real_1,7503543.347809,0.004891,0.576400,31261.004000,0,0
Sat_real_1,7503259.679847,0.004866,0.576370,31321.004000,0,0
Sat_real_1,7502967.275633,0.004849,0.576339,31381.004000,0,0
Sat_real_1,7502670.383155,0.004838,0.576307,31441.004000,0,0
Sat_real_1,7502373.176869,0.004835,0.576275,31501.004000,0,0
Sat_real_1,7502079.649974,0.004837,0.576244,31561.004000,0,0
Sat_real_1,7501793.654079,0.004844,0.576214,31621.004000,0,0
Sat_real_1,7501518.849087,0.004855,0.576185,31681.004000,0,0
Sat_real_1,7501258.739940,0.004870,0.576157,31741.004000,0,0
Sat_real_1,7501016.694281,0.004886,0.576131,31801.004000,0,0
Sat_real_1,7500795.855791,0.004904,0.576108,31861.004000,0,0
Sat_real_1,7500599.150385,0.004921,0.576087,31921.004000,0,0
Sat_real_1,7500429.172965,0.004938,0.576069,31981.004000,0,0
Sat_real_1,7500288.151467,0.004952,0.576054,32041.004000,0,0
Sat_real_1,7500177.912272,0.004964,0.576042,32101.004000,0,0
Sat_real_1,7500099.784169,0.004973,0.576034,32161.004000,0,0
Sat_real_1,7500054.638634,0.004978,0.576030,32221.004000,0,0
Sat_real_1,7500042.852897,0.004979,0.576028,32281.004000,0,0
Sat_real_1,7500064.375001,0.004976,0.576031,32341.004000,0,0
Sat_real_1,7500118.792244,0.004969,0.576037,32401.004000,0,0
Sat_real_1,7500205.315419,0.004958,0.576047,32461.004000,0,0
Sat_real_1,7500322.864335,0.004945,0.576060,32521.004000,0,0
Sat_real_1,7500470.033320,0.004928,0.576076,32581.004000,0,0
Sat_real_1,7500645.120923,0.004910,0.576095,32641.004000,0,0
Sat_real_1,7500846.139785,0.004891,0.576117,32701.004000,0,0
Sat_real_1,7501070.742450,0.004871,0.576141,32761.004000,0,0
Sat_real_1,7501316.262367,0.004852,0.576168,32821.004000,0,0
Sat_real_1,7501579.665686,0.004835,0.576196,32881.004000,0,0
Sat_real_1,7501857.603301,0.004820,0.576225,32941.004000,0,0
Sat_real_1,7502146.475276,0.004810,0.576256,33001.004000,0,0
Sat_real_1,7502442.427677,0.004805,0.576287,33061.004000,0,0
Sat_real_1,7502741.473112,0.004805,0.576318,33121.004000,0,0
Sat_real_1,7503039.509181,0.004812,0.576350,33181.004000,0,0
Sat_real_1,7503332.421274,0.004827,0.576380,33241.004000,0,0
Sat_real_1,7503616.148160,0.004848,0.576409,33301.004000,0,0
Sat_real_1,7503886.737628,0.004878,0.576437,33361.004000,0,0
Sat_real_1,7504140.398919,0.004915,0.576463,33421.004000,0,0
Sat_real_1,7504373.536150,0.004959,0.576487,33481.004000,0,0
Sat_real_1,7504582.901379,0.005009,0.576509,33541.004000,0,0
Sat_real_1,7504765.560113,0.005066,0.576527,33601.004000,0,0
Sat_real_1,7504919.010119,0.005126,0.576542,33661.004000,0,0
Sat_real_1,7505041.203837,0.005191,0.576554,33721.004000,0,0
Sat_real_1,7505130.545635,0.005257,0.576563,33781.004000,0,0
Sat_real_1,7505185.982767,0.005325,0.576568,33841.004000,0,0
Sat_real_1,7505206.878622,0.005393,0.576569,33901.004000,0,0
Sat_real_1,7505193.026572,0.005460,0.576567,33961.004000,0,0
Sat_real_1,7505144.570123,0.005525,0.576561,34021.004000,0,0
Sat_real_1,7505061.924776,0.005587,0.576551,34081.004000,0,0
Sat_real_1,7504945.846749,0.005644,0.576538,34141.004000,0,0
Sat_real_1,7504797.339876,0.005697,0.576522,34201.004000,0,0
Sat_real_1,7504617.768340,0.005744,0.576503,34261.004000,0,0
Sat_real_1,7504408.914243,0.005784,0.576481,34321.004000,0,0
Sat_real_1,7504173.045338,0.005818,0.576456,34381.004000,0,0
Sat_real_1,7503913.104139,0.005846,0.576429,34441.004000,0,0
Sat_real_1,7503632.654256,0.005866,0.576400,34501.004000,0,0
Sat_real_1,7503335.941378,0.005879,0.576370,34561.004000,0,0
Sat_real_1,7503027.789364,0.005885,0.576339,34621.004000,0,0
Sat_real_1,7502713.418752,0.005885,0.576308,34681.004000,0,0
Sat_real_1,7502398.330044,0.005880,0.576276,34741.004000,0,0
Sat_real_1,7502087.956751,0.005870,0.576245,34801.004000,0,0
Sat_real_1,7501787.488823,0.005856,0.576214,34861.004000,0,0
Sat_real_1,7501501.645991,0.005840,0.576185,34921.004000,0,0
Sat_real_1,7501234.509637,0.005822,0.576157,34981.004000,0,0
Sat_real_1,7500989.570853,0.005803,0.576131,35041.004000,0,0
Sat_real_1,7500769.641613,0.005784,0.576108,35101.004000,0,0
Sat_real_1,7500577.008727,0.005766,0.576087,35161.004000,0,0
Sat_real_1,7500413.512582,0.005750,0.576069,35221.004000,0,0
Sat_real_1,7500280.689859,0.005736,0.576054,35281.004000,0,0
Sat_real_1,7500179.854439,0.005725,0.576043,35341.004000,0,0
Sat_real_1,7500112.144573,0.005718,0.576035,35401.004000,0,0
Sat_real_1,7500078.447518,0.005714,0.576031,35461.004000,0,0
Sat_real_1,7500079.431900,0.005715,0.576031,35521.004000,0,0
Sat_real_1,7500115.381279,0.005719,0.576034,35581.004000,0,0
Sat_real_1,7500186.118985,0.005728,0.576041,35641.004000,0,0
Sat_real_1,7500290.949061,0.005741,0.576052,35701.004000,0,0
Sat_real_1,7500428.556347,0.005757,0.576066,35761.004000,0,0
Sat_real_1,7500597.115557,0.005775,0.576084,35821.004000,0,0
Sat_real_1,7500794.262343,0.005796,0.576104,35881.004000,0,0
Sat_real_1,7501017.188758,0.005818,0.576127,35941.004000,0,0
Sat_real_1,7501262.742317,0.005840,0.576153,36001.004000,0,0
Sat_real_1,7501527.439450,0.005861,0.576180,36061.004000,0,0
Sat_real_1,7501807.623586,0.005881,0.576209,36121.004000,0,0
Sat_real_1,7502099.427691,0.005898,0.576240,36181.004000,0,0
Sat_real_1,7502398.818199,0.005912,0.576271,36241.004000,0,0
Sat_real_1,7502701.629976,0.005921,0.576303,36301.004000,0,0
Sat_real_1,7503003.533645,0.005925,0.576335,36361.004000,0,0
Sat_real_1,7503300.183602,0.005924,0.576366,36421.004000,0,0
Sat_real_1,7503587.217949,0.005916,0.576396,36481.004000,0,0
Sat_real_1,7503860.376168,0.005902,0.576425,36541.004000,0,0
Sat_real_1,7504115.624535,0.005881,0.576452,36601.004000,0,0
Sat_real_1,7504349.204331,0.005853,0.576478,36661.004000,0,0
Sat_real_1,7504557.824194,0.005818,0.576500,36721.004000,0,0
Sat_real_1,7504738.654596,0.005777,0.576520,36781.004000,0,0
Sat_real_1,7504889.384467,0.005730,0.576538,36841.004000,0,0
Sat_real_1,7505008.240929,0.005677,0.576552,36901.004000,0,0
Sat_real_1,7505093.910966,0.005620,0.576562,36961.004000,0,0
Sat_real_1,7505145.601398,0.005558,0.576569,37021.004000,0,0
Sat_real_1,7505162.931585,0.005494,0.576573,37081.004000,0,0
Sat_real_1,7505145.922527,0.005427,0.576573,37141.004000,0,0
Sat_real_1,7505094.991864,0.005360,0.576570,37201.004000,0,0
Sat_real_1,7505010.887144,0.005293,0.576563,37261.004000,0,0
Sat_real_1,7504894.778317,0.005228,0.576553,37321.004000,0,0
Sat_real_1,7504748.188201,0.005164,0.576539,37381.004000,0,0
Sat_real_1,7504573.008850,0.005105,0.576522,37441.004000,0,0
Sat_real_1,7504371.504389,0.005050,0.576503,37501.004000,0,0
Sat_real_1,7504146.233894,0.005001,0.576481,37561.004000,0,0
Sat_real_1,7503900.112227,0.004958,0.576456,37621.004000,0,0
Sat_real_1,7503636.308367,0.004922,0.576430,37681.004000,0,0
Sat_real_1,7503358.228994,0.004893,0.576402,37741.004000,0,0
Sat_real_1,7503069.497703,0.004871,0.576372,37801.004000,0,0
Sat_real_1,7502773.866322,0.004857,0.576342,37861.004000,0,0
Sat_real_1,7502475.267410,0.004850,0.576311,37921.004000,0,0
Sat_real_1,7502177.707252,0.004849,0.576281,37981.004000,0,0
Sat_real_1,7501885.234715,0.004854,0.576250,38041.004000,0,0
Sat_real_1,7501601.893662,0.004863,0.576221,38101.004000,0,0
Sat_real_1,7501331.597980,0.004877,0.576193,38161.004000,0,0
Sat_real_1,7501078.137920,0.004892,0.576167,38221.004000,0,0
Sat_real_1,7500845.036261,0.004910,0.576142,38281.004000,0,0
Sat_real_1,7500635.494058,0.004927,0.576120,38341.004000,0,0
Sat_real_1,7500452.345889,0.004945,0.576101,38401.004000,0,0
Sat_real_1,7500297.968079,0.004960,0.576084,38461.004000,0,0
Sat_real_1,7500174.344648,0.004973,0.576071,38521.004000,0,0
Sat_real_1,7500083.000985,0.004983,0.576061,38581.004000,0,0
Sat_real_1,7500025.030463,0.004989,0.576054,38641.004000,0,0
Sat_real_1,7500001.118884,0.004992,0.576051,38701.004000,0,0
Sat_real_1,7500011.499604,0.004990,0.576051,38761.004000,0,0
Sat_real_1,7500056.035607,0.004984,0.576056,38821.004000,0,0
Sat_real_1,7500134.146121,0.004974,0.576063,38881.004000,0,0
Sat_real_1,7500244.809679,0.004961,0.576074,38941.004000,0,0
Sat_real_1,7500386.565289,0.004944,0.576089,39001.004000,0,0
Sat_real_1,7500557.460346,0.004925,0.576106,39061.004000,0,0
Sat_real_1,7500755.153627,0.004905,0.576127,39121.004000,0,0
Sat_real_1,7500976.894391,0.004884,0.576150,39181.004000,0,0
Sat_real_1,7501219.605179,0.004863,0.576175,39241.004000,0,0
Sat_real_1,7501479.975744,0.004844,0.576203,39301.004000,0,0
Sat_real_1,7501754.496495,0.004827,0.576232,39361.004000,0,0
Sat_real_1,7502039.623246,0.004815,0.576262,39421.004000,0,0
Sat_real_1,7502331.774672,0.004806,0.576293,39481.004000,0,0
Sat_real_1,7502627.387694,0.004804,0.576324,39541.004000,0,0
Sat_real_1,7502922.941777,0.004808,0.576355,39601.004000,0,0
Sat_real_1,7503214.901738,0.004818,0.576386,39661.004000,0,0
Sat_real_1,7503499.761655,0.004836,0.576417,39721.004000,0,0
Sat_real_1,7503773.986594,0.004861,0.576445,39781.004000,0,0
Sat_real_1,7504034.035737,0.004894,0.576473,39841.004000,0,0
Sat_real_1,7504276.346450,0.004934,0.576498,39901.004000,0,0
Sat_real_1,7504497.411491,0.004981,0.576521,39961.004000,0,0
Sat_real_1,7504693.899452,0.005034,0.576541,40021.004000,0,0
Sat_real_1,7504862.685915,0.005093,0.576559,40081.004000,0,0
Sat_real_1,7505001.023124,0.005155,0.576573,40141.004000,0,0
Sat_real_1,7505106.592219,0.005221,0.576584,40201.004000,0,0
Sat_real_1,7505177.612208,0.005289,0.576592,40261.004000,0,0
Sat_real_1,7505212.936181,0.005357,0.576595,40321.004000,0,0
Sat_real_1,7505212.007505,0.005425,0.576596,40381.004000,0,0
Sat_real_1,7505174.918057,0.005491,0.576592,40441.004000,0,0
Sat_real_1,7505102.328980,0.005555,0.576585,40501.004000,0,0
Sat_real_1,7504995.448189,0.005614,0.576574,40561.004000,0,0
Sat_real_1,7504856.010126,0.005669,0.576560,40621.004000,0,0
Sat_real_1,7504686.137154,0.005719,0.576542,40681.004000,0,0
Sat_real_1,7504488.332747,0.005763,0.576522,40741.004000,0,0
Sat_real_1,7504265.360275,0.005800,0.576498,40801.004000,0,0
Sat_real_1,7504020.204511,0.005831,0.576473,40861.004000,0,0
Sat_real_1,7503756.057634,0.005856,0.576445,40921.004000,0,0
Sat_real_1,7503476.203081,0.005874,0.576416,40981.004000,0,0
Sat_real_1,7503184.057212,0.005885,0.576385,41041.004000,0,0
Sat_real_1,7502883.113020,0.005890,0.576354,41101.004000,0,0
Sat_real_1,7502576.984185,0.005889,0.576322,41161.004000,0,0
Sat_real_1,7502269.479483,0.005883,0.576291,41221.004000,0,0
Sat_real_1,7501964.558914,0.005873,0.576260,41281.004000,0,0
Sat_real_1,7501666.419515,0.005858,0.576229,41341.004000,0,0
Sat_real_1,7501379.428294,0.005841,0.576200,41401.004000,0,0
Sat_real_1,7501108.091950,0.005821,0.576173,41461.004000,0,0
Sat_real_1,7500856.989939,0.005800,0.576148,41521.004000,0,0
Sat_real_1,7500630.541591,0.005780,0.576126,41581.004000,0,0
Sat_real_1,7500432.878179,0.005760,0.576106,41641.004000,0,0
Sat_real_1,7500267.598053,0.005743,0.576090,41701.004000,0,0
Sat_real_1,7500137.623652,0.005729,0.576076,41761.004000,0,0
Sat_real_1,7500045.067025,0.005718,0.576067,41821.004000,0,0
Sat_real_1,7499991.148667,0.005712,0.576060,41881.004000,0,0
Sat_real_1,7499976.186080,0.005711,0.576058,41941.004000,0,0
Sat_real_1,7499999.773614,0.005714,0.576059,42001.004000,0,0
Sat_real_1,7500060.800196,0.005722,0.576064,42061.004000,0,0
Sat_real_1,7500157.673649,0.005734,0.576073,42121.004000,0,0
Sat_real_1,7500288.429572,0.005750,0.576085,42181.004000,0,0
Sat_real_1,7500450.816891,0.005769,0.576101,42241.004000,0,0
Sat_real_1,7500642.449581,0.005790,0.576119,42301.004000,0,0
Sat_real_1,7500860.705452,0.005813,0.576141,42361.004000,0,0
Sat_real_1,7501102.763470,0.005836,0.576165,42421.004000,0,0
Sat_real_1,7501365.522258,0.005859,0.576191,42481.004000,0,0
Sat_real_1,7501645.534972,0.005881,0.576219,42541.004000,0,0
Sat_real_1,7501939.088140,0.005901,0.576249,42601.004000,0,0
Sat_real_1,7502242.119480,0.005918,0.576280,42661.004000,0,0
Sat_real_1,7502550.355148,0.005931,0.576312,42721.004000,0,0
Sat_real_1,7502859.377726,0.005939,0.576343,42781.004000,0,0
Sat_real_1,7503164.720118,0.005942,0.576375,42841.004000,0,0
Sat_real_1,7503462.074014,0.005938,0.576406,42901.004000,0,0
Sat_real_1,7503747.274486,0.005928,0.576435,42961.004000,0,0
Sat_real_1,7504016.435094,0.005912,0.576464,43021.004000,0,0
Sat_real_1,7504265.952632,0.005888,0.576490,43081.004000,0,0
Sat_real_1,7504492.501146,0.005858,0.576514,43141.004000,0,0
Sat_real_1,7504693.128875,0.005821,0.576536,43201.004000,0,0
Sat_real_1,7504865.164776,0.005777,0.576555,43261.004000,0,0
Sat_real_1,7505006.309564,0.005728,0.576571,43321.004000,0,0
Sat_real_1,7505114.645388,0.005673,0.576583,43381.004000,0,0
Sat_real_1,7505188.666942,0.005613,0.576592,43441.004000,0,0
Sat_real_1,7505227.427246,0.005550,0.576597,43501.004000,0,0
Sat_real_1,7505230.476614,0.005484,0.576599,43561.004000,0,0
Sat_real_1,7505197.950492,0.005416,0.576597,43621.004000,0,0
Sat_real_1,7505130.530472,0.005348,0.576592,43681.004000,0,0
Sat_real_1,7505029.385634,0.005281,0.576583,43741.004000,0,0
Sat_real_1,7504896.196633,0.005215,0.576571,43801.004000,0,0
Sat_real_1,7504732.982311,0.005153,0.576555,43861.004000,0,0
Sat_real_1,7504542.090047,0.005094,0.576537,43921.004000,0,0
Sat_real_1,7504326.106383,0.005041,0.576516,43981.004000,0,0
Sat_real_1,7504087.796450,0.004993,0.576493,44041.004000,0,0
Sat_real_1,7503830.171447,0.004952,0.576467,44101.004000,0,0
Sat_real_1,7503556.386855,0.004918,0.576440,44161.004000,0,0
Sat_real_1,7503269.810251,0.004891,0.576412,44221.004000,0,0
Sat_real_1,7502973.992896,0.004871,0.576382,44281.004000,0,0
Sat_real_1,7502672.637649,0.004859,0.576352,44341.004000,0,0
Sat_real_1,7502369.650053,0.004854,0.576322,44401.004000,0,0
Sat_real_1,7502068.991718,0.004855,0.576292,44461.004000,0,0
Sat_real_1,7501774.674377,0.004861,0.576263,44521.004000,0,0
Sat_real_1,7501490.657517,0.004872,0.576235,44581.004000,0,0
Sat_real_1,7501220.755566,0.004887,0.576208,44641.004000,0,0
Sat_real_1,7500968.652983,0.004904,0.576183,44701.004000,0,0
Sat_real_1,7500737.757846,0.004922,0.576160,44761.004000,0,0
Sat_real_1,7500531.220760,0.004940,0.576139,44821.004000,0,0
Sat_real_1,7500351.876073,0.004957,0.576121,44881.004000,0,0
Sat_real_1,7500202.196086,0.004973,0.576106,44941.004000,0,0
Sat_real_1,7500084.343169,0.004985,0.576094,45001.004000,0,0
Sat_real_1,7500000.044904,0.004995,0.576086,45061.004000,0,0
Sat_real_1,7499950.615625,0.005000,0.576081,45121.004000,0,0
Sat_real_1,7499936.889734,0.005001,0.576080,45181.004000,0,0
Sat_real_1,7499959.167189,0.004998,0.576082,45241.004000,0,0
Sat_real_1,7500017.266478,0.004991,0.576087,45301.004000,0,0
Sat_real_1,7500110.423879,0.004979,0.576096,45361.004000,0,0
Sat_real_1,7500237.361473,0.004963,0.576109,45421.004000,0,0
Sat_real_1,7500396.288662,0.004945,0.576125,45481.004000,0,0
Sat_real_1,7500584.927571,0.004924,0.576144,45541.004000,0,0
Sat_real_1,7500800.646592,0.004902,0.576165,45601.004000,0,0
Sat_real_1,7501040.424087,0.004879,0.576189,45661.004000,0,0
Sat_real_1,7501300.960191,0.004857,0.576216,45721.004000,0,0
Sat_real_1,7501578.695363,0.004837,0.576244,45781.004000,0,0
Sat_real_1,7501869.831690,0.004820,0.576273,45841.004000,0,0
Sat_real_1,7502170.449592,0.004807,0.576304,45901.004000,0,0
Sat_real_1,7502476.456617,0.004800,0.576335,45961.004000,0,0
Sat_real_1,7502783.695845,0.004799,0.576367,46021.004000,0,0
Sat_real_1,7503087.979931,0.004805,0.576398,46081.004000,0,0
Sat_real_1,7503385.153803,0.004818,0.576429,46141.004000,0,0
Sat_real_1,7503671.226233,0.004839,0.576458,46201.004000,0,0
Sat_real_1,7503942.410730,0.004867,0.576487,46261.004000,0,0
Sat_real_1,7504195.225264,0.004904,0.576513,46321.004000,0,0
Sat_real_1,7504426.491981,0.004948,0.576537,46381.004000,0,0
Sat_real_1,7504633.441180,0.004998,0.576559,46441.004000,0,0
Sat_real_1,7504813.667030,0.005054,0.576578,46501.004000,0,0
Sat_real_1,7504965.101269,0.005114,0.576594,46561.004000,0,0
Sat_real_1,7505086.002213,0.005179,0.576606,46621.004000,0,0
Sat_real_1,7505174.857316,0.005245,0.576616,46681.004000,0,0
Sat_real_1,7505230.435626,0.005314,0.576621,46741.004000,0,0
Sat_real_1,7505251.741325,0.005382,0.576624,46801.004000,0,0
Sat_real_1,7505238.040276,0.005450,0.576622,46861.004000,0,0
Sat_real_1,7505188.947418,0.005516,0.576617,46921.004000,0,0
Sat_real_1,7505104.446874,0.005579,0.576608,46981.004000,0,0
Sat_real_1,7504985.064733,0.005638,0.576596,47041.004000,0,0
Sat_real_1,7504831.904893,0.005692,0.576580,47101.004000,0,0
Sat_real_1,7504646.705430,0.005740,0.576562,47161.004000,0,0
Sat_real_1,7504431.889517,0.005782,0.576540,47221.004000,0,0
Sat_real_1,7504190.481666,0.005817,0.576516,47281.004000,0,0
Sat_real_1,7503926.122021,0.005845,0.576490,47341.004000,0,0
Sat_real_1,7503642.913274,0.005867,0.576462,47401.004000,0,0
Sat_real_1,7503345.284565,0.005881,0.576432,47461.004000,0,0
Sat_real_1,7503037.874283,0.005889,0.576401,47521.004000,0,0
Sat_real_1,7502725.323317,0.005891,0.576370,47581.004000,0,0
Sat_real_1,7502412.231783,0.005887,0.576338,47641.004000,0,0
Sat_real_1,7502103.009336,0.005879,0.576307,47701.004000,0,0
Sat_real_1,7501801.802487,0.005867,0.576276,47761.004000,0,0
Sat_real_1,7501512.487946,0.005851,0.576247,47821.004000,0,0
Sat_real_1,7501238.599804,0.005833,0.576219,47881.004000,0,0
Sat_real_1,7500983.432739,0.005814,0.576193,47941.004000,0,0
Sat_real_1,7500750.021966,0.005795,0.576169,48001.004000,0,0
Sat_real_1,7500541.173806,0.005776,0.576147,48061.004000,0,0
Sat_real_1,7500359.514155,0.005758,0.576129,48121.004000,0,0
Sat_real_1,7500207.474579,0.005742,0.576114,48181.004000,0,0
Sat_real_1,7500087.301035,0.005729,0.576102,48241.004000,0,0
Sat_real_1,7500001.022875,0.005719,0.576094,48301.004000,0,0
Sat_real_1,7499950.335135,0.005713,0.576089,48361.004000,0,0
Sat_real_1,7499936.556569,0.005712,0.576088,48421.004000,0,0
Sat_real_1,7499960.545211,0.005715,0.576091,48481.004000,0,0
Sat_real_1,7500022.542380,0.005723,0.576098,48541.004000,0,0
Sat_real_1,7500122.150183,0.005735,0.576108,48601.004000,0,0
Sat_real_1,7500258.217539,0.005752,0.576122,48661.004000,0,0
Sat_real_1,7500428.875761,0.005772,0.576139,48721.004000,0,0
Sat_real_1,7500631.588051,0.005794,0.576159,48781.004000,0,0
Sat_real_1,7500863.164202,0.005818,0.576182,48841.004000,0,0
Sat_real_1,7501119.928514,0.005843,0.576207,48901.004000,0,0
Sat_real_1,7501397.782755,0.005867,0.576234,48961.004000,0,0
Sat_real_1,7501692.382816,0.005890,0.576262,49021.004000,0,0
Sat_real_1,7501999.272439,0.005911,0.576293,49081.004000,0,0
Sat_real_1,7502313.919515,0.005927,0.576323,49141.004000,0,0
Sat_real_1,7502631.844649,0.005940,0.576355,49201.004000,0,0
Sat_real_1,7502948.603953,0.005947,0.576386,49261.004000,0,0
Sat_real_1,7503259.861497,0.005949,0.576417,49321.004000,0,0
Sat_real_1,7503561.423769,0.005944,0.576447,49381.004000,0,0
Sat_real_1,7503849.204802,0.005933,0.576476,49441.004000,0,0
Sat_real_1,7504119.317660,0.005914,0.576503,49501.004000,0,0
Sat_real_1,7504368.061476,0.005889,0.576528,49561.004000,0,0
Sat_real_1,7504592.027913,0.005856,0.576551,49621.004000,0,0
Sat_real_1,7504788.184293,0.005817,0.576571,49681.004000,0,0
Sat_real_1,7504953.881136,0.005771,0.576589,49741.004000,0,0
Sat_real_1,7505086.964195,0.005719,0.576603,49801.004000,0,0
Sat_real_1,7505185.751219,0.005662,0.576613,49861.004000,0,0
Sat_real_1,7505249.091930,0.005601,0.576620,49921.004000,0,0
Sat_real_1,7505276.378632,0.005536,0.576624,49981.004000,0,0
Sat_real_1,7505267.472259,0.005469,0.576624,50041.004000,0,0
Sat_real_1,7505222.732092,0.005400,0.576620,50101.004000,0,0
Sat_real_1,7505142.931720,0.005331,0.576613,50161.004000,0,0
Sat_real_1,7505029.281106,0.005264,0.576602,50221.004000,0,0
Sat_real_1,7504883.427044,0.005198,0.576588,50281.004000,0,0
Sat_real_1,7504707.389436,0.005136,0.576571,50341.004000,0,0
Sat_real_1,7504503.607350,0.005079,0.576552,50401.004000,0,0
Sat_real_1,7504274.867950,0.005027,0.576529,50461.004000,0,0
Sat_real_1,7504024.322529,0.004981,0.576505,50521.004000,0,0
Sat_real_1,7503755.458500,0.004942,0.576478,50581.004000,0,0
Sat_real_1,7503471.987935,0.004910,0.576450,50641.004000,0,0
Sat_real_1,7503177.828160,0.004886,0.576421,50701.004000,0,0
Sat_real_1,7502876.966907,0.004870,0.576391,50761.004000,0,0
Sat_real_1,7502573.422454,0.004860,0.576361,50821.004000,0,0
Sat_real_1,7502271.183610,0.004857,0.576331,50881.004000,0,0
Sat_real_1,7501974.097548,0.004859,0.576301,50941.004000,0,0
Sat_real_1,7501685.876702,0.004867,0.576272,51001.004000,0,0
Sat_real_1,7501410.016227,0.004879,0.576244,51061.004000,0,0
Sat_real_1,7501149.818732,0.004893,0.576218,51121.004000,0,0
Sat_real_1,7500908.400449,0.004910,0.576194,51181.004000,0,0
Sat_real_1,7500688.635265,0.004927,0.576172,51241.004000,0,0
Sat_real_1,7500493.198141,0.004945,0.576152,51301.004000,0,0
Sat_real_1,7500324.499012,0.004961,0.576136,51361.004000,0,0
Sat_real_1,7500184.701539,0.004975,0.576122,51421.004000,0,0
Sat_real_1,7500075.708949,0.004987,0.576112,51481.004000,0,0
Sat_real_1,7499999.083379,0.004996,0.576105,51541.004000,0,0
Sat_real_1,7499956.063077,0.005000,0.576102,51601.004000,0,0
Sat_real_1,7499947.479616,0.005001,0.576102,51661.004000,0,0
Sat_real_1,7499973.769670,0.004997,0.576106,51721.004000,0,0
Sat_real_1,7500034.965366,0.004989,0.576113,51781.004000,0,0
Sat_real_1,7500130.626995,0.004978,0.576123,51841.004000,0,0
Sat_real_1,7500259.878703,0.004962,0.576137,51901.004000,0,0
Sat_real_1,7500421.346504,0.004944,0.576154,51961.004000,0,0
Sat_real_1,7500613.191853,0.004923,0.576174,52021.004000,0,0
Sat_real_1,7500833.125074,0.004900,0.576196,52081.004000,0,0
Sat_real_1,7501078.364990,0.004878,0.576221,52141.004000,0,0
Sat_real_1,7501345.709056,0.004856,0.576248,52201.004000,0,0
Sat_real_1,7501631.515097,0.004836,0.576277,52261.004000,0,0
Sat_real_1,7501931.791066,0.004819,0.576306,52321.004000,0,0
Sat_real_1,7502242.274422,0.004807,0.576337,52381.004000,0,0
Sat_real_1,7502558.461891,0.004800,0.576369,52441.004000,0,0
Sat_real_1,7502875.750451,0.004799,0.576400,52501.004000,0,0
Sat_real_1,7503189.480511,0.004806,0.576431,52561.004000,0,0
Sat_real_1,7503495.072160,0.004821,0.576462,52621.004000,0,0
Sat_real_1,7503788.107401,0.004844,0.576491,52681.004000,0,0
Sat_real_1,7504064.407650,0.004875,0.576519,52741.004000,0,0
Sat_real_1,7504320.099551,0.004914,0.576544,52801.004000,0,0
Sat_real_1,7504551.635189,0.004960,0.576568,52861.004000,0,0
Sat_real_1,7504755.931362,0.005013,0.576588,52921.004000,0,0
Sat_real_1,7504930.306000,0.005071,0.576606,52981.004000,0,0
Sat_real_1,7505072.560612,0.005134,0.576621,53041.004000,0,0
Sat_real_1,7505180.981309,0.005201,0.576632,53101.004000,0,0
Sat_real_1,7505254.311394,0.005269,0.576640,53161.004000,0,0
Sat_real_1,7505291.849624,0.005338,0.576644,53221.004000,0,0
Sat_real_1,7505293.340074,0.005407,0.576644,53281.004000,0,0
Sat_real_1,7505259.011102,0.005475,0.576641,53341.004000,0,0
Sat_real_1,7505189.529403,0.005539,0.576634,53401.004000,0,0
Sat_real_1,7505085.926440,0.005601,0.576624,53461.004000,0,0
Sat_real_1,7504949.660483,0.005657,0.576610,53521.004000,0,0
Sat_real_1,7504782.477615,0.005709,0.576593,53581.004000,0,0
Sat_real_1,7504586.444019,0.005755,0.576573,53641.004000,0,0
Sat_real_1,7504363.912599,0.005795,0.576550,53701.004000,0,0
Sat_real_1,7504117.480852,0.005828,0.576525,53761.004000,0,0
Sat_real_1,7503850.103738,0.005855,0.576497,53821.004000,0,0
Sat_real_1,7503565.001520,0.005874,0.576468,53881.004000,0,0
Sat_real_1,7503265.735626,0.005887,0.576438,53941.004000,0,0
Sat_real_1,7502956.193476,0.005893,0.576407,54001.004000,0,0
Sat_real_1,7502640.532158,0.005894,0.576375,54061.004000,0,0
Sat_real_1,7502323.240300,0.005888,0.576344,54121.004000,0,0
Sat_real_1,7502008.957880,0.005878,0.576313,54181.004000,0,0
Sat_real_1,7501702.438944,0.005864,0.576282,54241.004000,0,0
Sat_real_1,7501408.412502,0.005847,0.576253,54301.004000,0,0
Sat_real_1,7501131.410122,0.005827,0.576226,54361.004000,0,0
Sat_real_1,7500875.740531,0.005807,0.576201,54421.004000,0,0
Sat_real_1,7500645.262145,0.005787,0.576178,54481.004000,0,0
Sat_real_1,7500443.351424,0.005767,0.576158,54541.004000,0,0
Sat_real_1,7500272.806583,0.005750,0.576141,54601.004000,0,0
Sat_real_1,7500135.834994,0.005735,0.576128,54661.004000,0,0
Sat_real_1,7500034.047942,0.005724,0.576117,54721.004000,0,0
Sat_real_1,7499968.491799,0.005717,0.576111,54781.004000,0,0
Sat_real_1,7499939.629588,0.005714,0.576108,54841.004000,0,0
Sat_real_1,7499947.493837,0.005715,0.576109,54901.004000,0,0
Sat_real_1,7499991.644214,0.005721,0.576113,54961.004000,0,0
Sat_real_1,7500071.238948,0.005731,0.576122,55021.004000,0,0
Sat_real_1,7500185.069769,0.005745,0.576133,55081.004000,0,0
Sat_real_1,7500331.518466,0.005762,0.576149,55141.004000,0,0
Sat_real_1,7500508.668322,0.005782,0.576167,55201.004000,0,0
Sat_real_1,7500714.219494,0.005804,0.576189,55261.004000,0,0
Sat_real_1,7500945.523827,0.005828,0.576213,55321.004000,0,0
Sat_real_1,7501199.599407,0.005851,0.576239,55381.004000,0,0
Sat_real_1,7501473.086489,0.005874,0.576268,55441.004000,0,0
Sat_real_1,7501762.378956,0.005895,0.576298,55501.004000,0,0
Sat_real_1,7502063.575872,0.005914,0.576329,55561.004000,0,0
Sat_real_1,7502372.563997,0.005929,0.576360,55621.004000,0,0
Sat_real_1,7502685.084351,0.005940,0.576392,55681.004000,0,0
Sat_real_1,7502996.738595,0.005946,0.576424,55741.004000,0,0
Sat_real_1,7503303.162643,0.005946,0.576455,55801.004000,0,0
Sat_real_1,7503600.011287,0.005940,0.576485,55861.004000,0,0
Sat_real_1,7503883.061076,0.005927,0.576513,55921.004000,0,0
Sat_real_1,7504148.286036,0.005907,0.576539,55981.004000,0,0
Sat_real_1,7504391.864770,0.005880,0.576563,56041.004000,0,0
Sat_real_1,7504610.343850,0.005847,0.576585,56101.004000,0,0
Sat_real_1,7504800.610320,0.005806,0.576604,56161.004000,0,0
Sat_real_1,7504959.975636,0.005759,0.576619,56221.004000,0,0
Sat_real_1,7505086.228934,0.005706,0.576631,56281.004000,0,0
Sat_real_1,7505177.618868,0.005648,0.576640,56341.004000,0,0
Sat_real_1,7505232.982675,0.005586,0.576645,56401.004000,0,0
Sat_real_1,7505251.682282,0.005520,0.576647,56461.004000,0,0
Sat_real_1,7505233.642086,0.005453,0.576645,56521.004000,0,0
Sat_real_1,7505179.349739,0.005384,0.576639,56581.004000,0,0
Sat_real_1,7505089.781829,0.005316,0.576630,56641.004000,0,0
Sat_real_1,7504966.469255,0.005249,0.576618,56701.004000,0,0
Sat_real_1,7504811.375394,0.005185,0.576602,56761.004000,0,0
Sat_real_1,7504626.877237,0.005125,0.576583,56821.004000,0,0
Sat_real_1,7504415.718867,0.005069,0.576562,56881.004000,0,0
Sat_real_1,7504180.903275,0.005019,0.576538,56941.004000,0,0
Sat_real_1,7503925.734307,0.004976,0.576512,57001.004000,0,0
Sat_real_1,7503653.689846,0.004939,0.576484,57061.004000,0,0
Sat_real_1,7503368.408423,0.004910,0.576455,57121.004000,0,0
Sat_real_1,7503073.658402,0.004888,0.576425,57181.004000,0,0
Sat_real_1,7502773.252146,0.004874,0.576395,57241.004000,0,0
Sat_real_1,7502471.107122,0.004866,0.576364,57301.004000,0,0
Sat_real_1,7502171.137050,0.004865,0.576333,57361.004000,0,0
Sat_real_1,7501877.245298,0.004869,0.576304,57421.004000,0,0
Sat_real_1,7501593.289899,0.004878,0.576275,57481.004000,0,0
Sat_real_1,7501322.983977,0.004891,0.576247,57541.004000,0,0
Sat_real_1,7501069.929457,0.004906,0.576222,57601.004000,0,0
Sat_real_1,7500837.481105,0.004923,0.576198,57661.004000,0,0
Sat_real_1,7500628.711014,0.004940,0.576178,57721.004000,0,0
Sat_real_1,7500446.353559,0.004956,0.576159,57781.004000,0,0
Sat_real_1,7500292.701330,0.004972,0.576144,57841.004000,0,0
Sat_real_1,7500169.652080,0.004984,0.576132,57901.004000,0,0
Sat_real_1,7500078.610325,0.004994,0.576123,57961.004000,0,0
Sat_real_1,7500020.509582,0.005000,0.576118,58021.004000,0,0
Sat_real_1,7499995.832370,0.005002,0.576116,58081.004000,0,0
Sat_real_1,7500004.590661,0.005001,0.576118,58141.004000,0,0
Sat_real_1,7500046.457022,0.004995,0.576123,58201.004000,0,0
Sat_real_1,7500120.739010,0.004986,0.576131,58261.004000,0,0
Sat_real_1,7500226.453437,0.004973,0.576143,58321.004000,0,0
Sat_real_1,7500362.369880,0.004957,0.576158,58381.004000,0,0
Sat_real_1,7500526.984178,0.004939,0.576176,58441.004000,0,0
Sat_real_1,7500718.610816,0.004919,0.576197,58501.004000,0,0
Sat_real_1,7500935.298364,0.004898,0.576220,58561.004000,0,0
Sat_real_1,7501174.831345,0.004878,0.576246,58621.004000,0,0
Sat_real_1,7501434.703532,0.004858,0.576273,58681.004000,0,0
Sat_real_1,7501712.036262,0.004840,0.576302,58741.004000,0,0
Sat_real_1,7502003.644481,0.004826,0.576332,58801.004000,0,0
Sat_real_1,7502305.959349,0.004816,0.576363,58861.004000,0,0
Sat_real_1,7502615.075879,0.004812,0.576394,58921.004000,0,0
Sat_real_1,7502926.805474,0.004813,0.576425,58981.004000,0,0
Sat_real_1,7503236.701665,0.004822,0.576456,59041.004000,0,0
Sat_real_1,7503540.221183,0.004838,0.576485,59101.004000,0,0
Sat_real_1,7503832.781991,0.004863,0.576514,59161.004000,0,0
Sat_real_1,7504109.904235,0.004895,0.576540,59221.004000,0,0
Sat_real_1,7504367.284125,0.004936,0.576565,59281.004000,0,0
Sat_real_1,7504600.904723,0.004983,0.576587,59341.004000,0,0
Sat_real_1,7504807.173780,0.005037,0.576607,59401.004000,0,0
Sat_real_1,7504982.912612,0.005097,0.576623,59461.004000,0,0
Sat_real_1,7505125.469404,0.005162,0.576636,59521.004000,0,0
Sat_real_1,7505232.709671,0.005229,0.576646,59581.004000,0,0
Sat_real_1,7505303.050282,0.005299,0.576652,59641.004000,0,0
Sat_real_1,7505335.525941,0.005369,0.576655,59701.004000,0,0
Sat_real_1,7505329.713198,0.005438,0.576653,59761.004000,0,0
Sat_real_1,7505285.792211,0.005506,0.576649,59821.004000,0,0
Sat_real_1,7505204.491662,0.005570,0.576640,59881.004000,0,0
Sat_real_1,7505087.084028,0.005631,0.576628,59941.004000,0,0
Sat_real_1,7504935.416234,0.005686,0.576613,60001.004000,0,0
Sat_real_1,7504751.791581,0.005736,0.576594,60061.004000,0,0
Sat_real_1,7504538.990761,0.005780,0.576573,60121.004000,0,0
Sat_real_1,7504300.170267,0.005817,0.576549,60181.004000,0,0
Sat_real_1,7504038.812463,0.005848,0.576523,60241.004000,0,0
Sat_real_1,7503758.715585,0.005871,0.576495,60301.004000,0,0
Sat_real_1,7503463.839162,0.005888,0.576465,60361.004000,0,0
Sat_real_1,7503158.303041,0.005898,0.576434,60421.004000,0,0
Sat_real_1,7502846.274481,0.005902,0.576403,60481.004000,0,0
Sat_real_1,7502531.922614,0.005900,0.576371,60541.004000,0,0
Sat_real_1,7502219.427960,0.005894,0.576339,60601.004000,0,0
Sat_real_1,7501912.854673,0.005882,0.576308,60661.004000,0,0
Sat_real_1,7501616.188247,0.005868,0.576278,60721.004000,0,0
Sat_real_1,7501333.261543,0.005850,0.576250,60781.004000,0,0
Sat_real_1,7501067.747007,0.005831,0.576223,60841.004000,0,0
Sat_real_1,7500823.196551,0.005811,0.576199,60901.004000,0,0
Sat_real_1,7500602.928132,0.005792,0.576177,60961.004000,0,0
Sat_real_1,7500410.058975,0.005773,0.576159,61021.004000,0,0
Sat_real_1,7500247.420417,0.005756,0.576143,61081.004000,0,0
Sat_real_1,7500117.528607,0.005742,0.576131,61141.004000,0,0
Sat_real_1,7500022.521991,0.005731,0.576122,61201.004000,0,0
Sat_real_1,7499964.064313,0.005725,0.576117,61261.004000,0,0
Sat_real_1,7499943.258795,0.005723,0.576116,61321.004000,0,0
Sat_real_1,7499960.673077,0.005725,0.576118,61381.004000,0,0
Sat_real_1,7500016.189769,0.005732,0.576125,61441.004000,0,0
Sat_real_1,7500109.058323,0.005744,0.576134,61501.004000,0,0
Sat_real_1,7500237.866718,0.005760,0.576148,61561.004000,0,0
Sat_real_1,7500400.564296,0.005779,0.576164,61621.004000,0,0
Sat_real_1,7500594.611788,0.005800,0.576184,61681.004000,0,0
Sat_real_1,7500816.950787,0.005824,0.576207,61741.004000,0,0
Sat_real_1,7501064.159835,0.005848,0.576232,61801.004000,0,0
Sat_real_1,7501332.498665,0.005872,0.576259,61861.004000,0,0
Sat_real_1,7501617.967962,0.005895,0.576288,61921.004000,0,0
Sat_real_1,7501916.458530,0.005916,0.576318,61981.004000,0,0
Sat_real_1,7502223.697418,0.005933,0.576350,62041.004000,0,0
Sat_real_1,7502535.362880,0.005946,0.576382,62101.004000,0,0
Sat_real_1,7502847.090112,0.005955,0.576414,62161.004000,0,0
Sat_real_1,7503154.503709,0.005958,0.576446,62221.004000,0,0
Sat_real_1,7503453.357638,0.005955,0.576477,62281.004000,0,0
Sat_real_1,7503739.491994,0.005945,0.576507,62341.004000,0,0
Sat_real_1,7504008.969492,0.005929,0.576535,62401.004000,0,0
Sat_real_1,7504258.105372,0.005905,0.576562,62461.004000,0,0
Sat_real_1,7504483.514848,0.005875,0.576586,62521.004000,0,0
Sat_real_1,7504682.248424,0.005837,0.576607,62581.004000,0,0
Sat_real_1,7504851.725469,0.005794,0.576626,62641.004000,0,0
Sat_real_1,7504989.825038,0.005744,0.576641,62701.004000,0,0
Sat_real_1,7505094.860378,0.005689,0.576653,62761.004000,0,0
Sat_real_1,7505165.568295,0.005630,0.576661,62821.004000,0,0
Sat_real_1,7505201.191512,0.005567,0.576666,62881.004000,0,0
Sat_real_1,7505201.379104,0.005501,0.576667,62941.004000,0,0
Sat_real_1,7505166.256090,0.005434,0.576664,63001.004000,0,0
Sat_real_1,7505096.392406,0.005366,0.576657,63061.004000,0,0
Sat_real_1,7504992.791985,0.005299,0.576647,63121.004000,0,0
Sat_real_1,7504856.970236,0.005234,0.576633,63181.004000,0,0
Sat_real_1,7504690.842081,0.005171,0.576616,63241.004000,0,0
Sat_real_1,7504496.761612,0.005113,0.576597,63301.004000,0,0
Sat_real_1,7504277.449938,0.005060,0.576574,63361.004000,0,0
Sat_real_1,7504035.934677,0.005013,0.576549,63421.004000,0,0
Sat_real_1,7503775.574412,0.004973,0.576522,63481.004000,0,0
Sat_real_1,7503499.908947,0.004939,0.576494,63541.004000,0,0
Sat_real_1,7503212.670210,0.004913,0.576464,63601.004000,0,0
Sat_real_1,7502917.701309,0.004894,0.576434,63661.004000,0,0
Sat_real_1,7502618.900396,0.004882,0.576403,63721.004000,0,0
Sat_real_1,7502320.255698,0.004877,0.576372,63781.004000,0,0
Sat_real_1,7502025.708903,0.004878,0.576342,63841.004000,0,0
Sat_real_1,7501739.169288,0.004884,0.576312,63901.004000,0,0
Sat_real_1,7501464.427371,0.004894,0.576284,63961.004000,0,0
Sat_real_1,7501205.084071,0.004908,0.576257,64021.004000,0,0
Sat_real_1,7500964.564868,0.004923,0.576232,64081.004000,0,0
Sat_real_1,7500745.973024,0.004940,0.576209,64141.004000,0,0
Sat_real_1,7500552.103065,0.004956,0.576190,64201.004000,0,0
Sat_real_1,7500385.375952,0.004971,0.576172,64261.004000,0,0
Sat_real_1,7500247.809177,0.004985,0.576158,64321.004000,0,0
Sat_real_1,7500141.086505,0.004996,0.576148,64381.004000,0,0
Sat_real_1,7500066.471637,0.005004,0.576140,64441.004000,0,0
Sat_real_1,7500024.873365,0.005008,0.576136,64501.004000,0,0
Sat_real_1,7500016.813145,0.005008,0.576136,64561.004000,0,0
Sat_real_1,7500042.402206,0.005005,0.576139,64621.004000,0,0
Sat_real_1,7500101.391202,0.004997,0.576146,64681.004000,0,0
Sat_real_1,7500193.052424,0.004985,0.576156,64741.004000,0,0
Sat_real_1,7500316.210292,0.004971,0.576170,64801.004000,0,0
Sat_real_1,7500469.194190,0.004953,0.576186,64861.004000,0,0
Sat_real_1,7500649.833790,0.004933,0.576205,64921.004000,0,0
Sat_real_1,7500855.570884,0.004913,0.576227,64981.004000,0,0
Sat_real_1,7501083.441397,0.004892,0.576252,65041.004000,0,0
Sat_real_1,7501330.234503,0.004872,0.576278,65101.004000,0,0
Sat_real_1,7501592.575171,0.004854,0.576306,65161.004000,0,0
Sat_real_1,7501867.025195,0.004839,0.576335,65221.004000,0,0
Sat_real_1,7502150.250418,0.004828,0.576365,65281.004000,0,0
Sat_real_1,7502438.987591,0.004822,0.576395,65341.004000,0,0
Sat_real_1,7502730.117280,0.004821,0.576426,65401.004000,0,0
Sat_real_1,7503020.599954,0.004827,0.576456,65461.004000,0,0
Sat_real_1,7503307.404476,0.004840,0.576486,65521.004000,0,0
Sat_real_1,7503587.470073,0.004860,0.576515,65581.004000,0,0
Sat_real_1,7503857.586245,0.004887,0.576542,65641.004000,0,0
Sat_real_1,7504114.379506,0.004922,0.576567,65701.004000,0,0
Sat_real_1,7504354.260909,0.004964,0.576590,65761.004000,0,0
Sat_real_1,7504573.552642,0.005013,0.576610,65821.004000,0,0
Sat_real_1,7504768.577093,0.005067,0.576628,65881.004000,0,0
Sat_real_1,7504935.791754,0.005127,0.576642,65941.004000,0,0
Sat_real_1,7505072.001436,0.005191,0.576653,66001.004000,0,0
Sat_real_1,7505174.465690,0.005259,0.576661,66061.004000,0,0
Sat_real_1,7505241.103844,0.005328,0.576665,66121.004000,0,0
Sat_real_1,7505270.556223,0.005397,0.576666,66181.004000,0,0
Sat_real_1,7505262.194170,0.005466,0.576662,66241.004000,0,0
Sat_real_1,7505216.133229,0.005533,0.576656,66301.004000,0,0
Sat_real_1,7505133.106903,0.005596,0.576645,66361.004000,0,0
Sat_real_1,7505014.445278,0.005656,0.576631,66421.004000,0,0
Sat_real_1,7504861.957243,0.005710,0.576614,66481.004000,0,0
Sat_real_1,7504677.833474,0.005759,0.576594,66541.004000,0,0
Sat_real_1,7504464.634357,0.005802,0.576571,66601.004000,0,0
Sat_real_1,7504225.204466,0.005838,0.576546,66661.004000,0,0
Sat_real_1,7503962.745122,0.005867,0.576518,66721.004000,0,0
Sat_real_1,7503680.797868,0.005889,0.576489,66781.004000,0,0
Sat_real_1,7503383.228761,0.005904,0.576459,66841.004000,0,0
Sat_real_1,7503074.256410,0.005912,0.576428,66901.004000,0,0
Sat_real_1,7502758.347811,0.005914,0.576396,66961.004000,0,0
Sat_real_1,7502440.219112,0.005910,0.576364,67021.004000,0,0
Sat_real_1,7502124.708492,0.005902,0.576333,67081.004000,0,0
Sat_real_1,7501816.635840,0.005889,0.576303,67141.004000,0,0
Sat_real_1,7501520.716901,0.005873,0.576273,67201.004000,0,0
Sat_real_1,7501241.377631,0.005854,0.576246,67261.004000,0,0
Sat_real_1,7500982.723860,0.005835,0.576220,67321.004000,0,0
Sat_real_1,7500748.433221,0.005815,0.576197,67381.004000,0,0
Sat_real_1,7500541.679705,0.005796,0.576176,67441.004000,0,0
Sat_real_1,7500365.138713,0.005778,0.576159,67501.004000,0,0
Sat_real_1,7500220.956781,0.005763,0.576145,67561.004000,0,0
Sat_real_1,7500110.782772,0.005751,0.576134,67621.004000,0,0
Sat_real_1,7500035.803277,0.005743,0.576127,67681.004000,0,0
Sat_real_1,7499996.714521,0.005739,0.576124,67741.004000,0,0
Sat_real_1,7499993.804915,0.005739,0.576124,67801.004000,0,0
Sat_real_1,7500026.976884,0.005744,0.576128,67861.004000,0,0
Sat_real_1,7500095.711201,0.005753,0.576136,67921.004000,0,0
Sat_real_1,7500199.124840,0.005765,0.576147,67981.004000,0,0
Sat_real_1,7500335.901927,0.005782,0.576162,68041.004000,0,0
Sat_real_1,7500504.340562,0.005801,0.576180,68101.004000,0,0
Sat_real_1,7500702.344028,0.005823,0.576201,68161.004000,0,0
Sat_real_1,7500927.367318,0.005846,0.576225,68221.004000,0,0
Sat_real_1,7501176.475286,0.005869,0.576251,68281.004000,0,0
Sat_real_1,7501446.295711,0.005893,0.576279,68341.004000,0,0
Sat_real_1,7501733.109994,0.005915,0.576309,68401.004000,0,0
Sat_real_1,7502032.905853,0.005934,0.576340,68461.004000,0,0
Sat_real_1,7502341.395077,0.005951,0.576371,68521.004000,0,0
Sat_real_1,7502654.144702,0.005963,0.576403,68581.004000,0,0
Sat_real_1,7502966.595458,0.005970,0.576435,68641.004000,0,0
Sat_real_1,7503274.201739,0.005971,0.576466,68701.004000,0,0
Sat_real_1,7503572.514292,0.005966,0.576496,68761.004000,0,0
Sat_real_1,7503857.209014,0.005954,0.576525,68821.004000,0,0
Sat_real_1,7504124.210410,0.005936,0.576552,68881.004000,0,0
Sat_real_1,7504369.692319,0.005910,0.576577,68941.004000,0,0
Sat_real_1,7504590.190212,0.005877,0.576599,69001.004000,0,0
Sat_real_1,7504782.653489,0.005838,0.576619,69061.004000,0,0
Sat_real_1,7504944.442377,0.005791,0.576635,69121.004000,0,0
Sat_real_1,7505073.413925,0.005739,0.576649,69181.004000,0,0
Sat_real_1,7505167.882699,0.005682,0.576658,69241.004000,0,0
Sat_real_1,7505226.684188,0.005620,0.576665,69301.004000,0,0
Sat_real_1,7505249.173982,0.005555,0.576667,69361.004000,0,0
Sat_real_1,7505235.171309,0.005488,0.576666,69421.004000,0,0
Sat_real_1,7505184.993770,0.005419,0.576662,69481.004000,0,0
Sat_real_1,7505099.381292,0.005350,0.576653,69541.004000,0,0
Sat_real_1,7504979.536818,0.005282,0.576642,69601.004000,0,0
Sat_real_1,7504827.122868,0.005217,0.576627,69661.004000,0,0
Sat_real_1,7504644.217986,0.005155,0.576609,69721.004000,0,0
Sat_real_1,7504433.368322,0.005098,0.576589,69781.004000,0,0
Sat_real_1,7504197.524153,0.005047,0.576566,69841.004000,0,0
Sat_real_1,7503940.070849,0.005002,0.576540,69901.004000,0,0
Sat_real_1,7503664.787436,0.004964,0.576513,69961.004000,0,0
Sat_real_1,7503375.734889,0.004934,0.576485,70021.004000,0,0
Sat_real_1,7503077.210635,0.004911,0.576455,70081.004000,0,0
Sat_real_1,7502773.580754,0.004896,0.576424,70141.004000,0,0
Sat_real_1,7502469.211119,0.004887,0.576394,70201.004000,0,0
Sat_real_1,7502168.358335,0.004885,0.576363,70261.004000,0,0
Sat_real_1,7501875.039273,0.004888,0.576333,70321.004000,0,0
Sat_real_1,7501593.019360,0.004896,0.576304,70381.004000,0,0
Sat_real_1,7501325.731853,0.004908,0.576276,70441.004000,0,0
Sat_real_1,7501076.331851,0.004922,0.576250,70501.004000,0,0
Sat_real_1,7500847.722488,0.004938,0.576226,70561.004000,0,0
Sat_real_1,7500642.543129,0.004954,0.576205,70621.004000,0,0
Sat_real_1,7500463.236543,0.004970,0.576186,70681.004000,0,0
Sat_real_1,7500311.993197,0.004984,0.576171,70741.004000,0,0
Sat_real_1,7500190.769852,0.004996,0.576158,70801.004000,0,0
Sat_real_1,7500101.235633,0.005006,0.576149,70861.004000,0,0
Sat_real_1,7500044.661441,0.005011,0.576143,70921.004000,0,0
Sat_real_1,7500021.891677,0.005013,0.576140,70981.004000,0,0
Sat_real_1,7500033.231567,0.005011,0.576142,71041.004000,0,0
Sat_real_1,7500078.462615,0.005005,0.576147,71101.004000,0,0
Sat_real_1,7500156.848012,0.004995,0.576155,71161.004000,0,0
Sat_real_1,7500267.131841,0.004981,0.576166,71221.004000,0,0
Sat_real_1,7500407.651142,0.004964,0.576181,71281.004000,0,0
Sat_real_1,7500576.360236,0.004945,0.576199,71341.004000,0,0
Sat_real_1,7500770.952518,0.004925,0.576220,71401.004000,0,0
Sat_real_1,7500988.915571,0.004903,0.576243,71461.004000,0,0
Sat_real_1,7501227.516169,0.004882,0.576268,71521.004000,0,0
Sat_real_1,7501483.841426,0.004862,0.576295,71581.004000,0,0
Sat_real_1,7501754.720018,0.004845,0.576324,71641.004000,0,0
Sat_real_1,7502036.739034,0.004831,0.576354,71701.004000,0,0
Sat_real_1,7502326.229322,0.004822,0.576384,71761.004000,0,0
Sat_real_1,7502619.242661,0.004818,0.576415,71821.004000,0,0
Sat_real_1,7502911.658012,0.004820,0.576445,71881.004000,0,0
Sat_real_1,7503199.232221,0.004829,0.576475,71941.004000,0,0
Sat_real_1,7503477.791824,0.004846,0.576504,72001.004000,0,0
Sat_real_1,7503743.369769,0.004870,0.576532,72061.004000,0,0
Sat_real_1,7503992.353156,0.004901,0.576558,72121.004000,0,0
Sat_real_1,7504221.595460,0.004940,0.576582,72181.004000,0,0
Sat_real_1,7504428.429690,0.004986,0.576604,72241.004000,0,0
Sat_real_1,7504610.755160,0.005037,0.576623,72301.004000,0,0
Sat_real_1,7504766.879795,0.005093,0.576639,72361.004000,0,0
Sat_real_1,7504895.460204,0.005154,0.576652,72421.004000,0,0
Sat_real_1,7504995.373008,0.005217,0.576662,72481.004000,0,0
Sat_real_1,7505065.565874,0.005283,0.576668,72541.004000,0,0
Sat_real_1,7505105.096374,0.005349,0.576670,72601.004000,0,0
Sat_real_1,7505113.037861,0.005416,0.576669,72661.004000,0,0
Sat_real_1,7505088.596107,0.005481,0.576664,72721.004000,0,0
Sat_real_1,7505031.221803,0.005545,0.576655,72781.004000,0,0
Sat_real_1,7504940.713949,0.005605,0.576643,72841.004000,0,0
Sat_real_1,7504817.475397,0.005661,0.576628,72901.004000,0,0
Sat_real_1,7504662.529535,0.005712,0.576609,72961.004000,0,0
Sat_real_1,7504477.633494,0.005758,0.576587,73021.004000,0,0
Sat_real_1,7504265.259370,0.005798,0.576563,73081.004000,0,0
Sat_real_1,7504028.469317,0.005831,0.576536,73141.004000,0,0
Sat_real_1,7503770.882880,0.005858,0.576508,73201.004000,0,0
Sat_real_1,7503496.417348,0.005877,0.576477,73261.004000,0,0
Sat_real_1,7503209.175626,0.005891,0.576446,73321.004000,0,0
Sat_real_1,7502913.302199,0.005898,0.576414,73381.004000,0,0
Sat_real_1,7502612.842760,0.005899,0.576382,73441.004000,0,0
Sat_real_1,7502311.813700,0.005896,0.576350,73501.004000,0,0
Sat_real_1,7502014.103276,0.005887,0.576319,73561.004000,0,0
Sat_real_1,7501723.561258,0.005875,0.576289,73621.004000,0,0
Sat_real_1,7501444.031482,0.005860,0.576260,73681.004000,0,0
Sat_real_1,7501179.327863,0.005842,0.576233,73741.004000,0,0
Sat_real_1,7500933.334690,0.005823,0.576208,73801.004000,0,0
Sat_real_1,7500709.850162,0.005804,0.576186,73861.004000,0,0
Sat_real_1,7500512.546564,0.005785,0.576167,73921.004000,0,0
Sat_real_1,7500344.823660,0.005769,0.576151,73981.004000,0,0
Sat_real_1,7500209.680662,0.005754,0.576138,74041.004000,0,0
Sat_real_1,7500109.584918,0.005743,0.576129,74101.004000,0,0
Sat_real_1,7500046.368280,0.005737,0.576124,74161.004000,0,0
Sat_real_1,7500021.101621,0.005734,0.576122,74221.004000,0,0
Sat_real_1,7500034.178170,0.005736,0.576124,74281.004000,0,0
Sat_real_1,7500085.230692,0.005743,0.576130,74341.004000,0,0
Sat_real_1,7500173.225835,0.005754,0.576139,74401.004000,0,0
Sat_real_1,7500296.536365,0.005769,0.576152,74461.004000,0,0
Sat_real_1,7500452.967258,0.005788,0.576169,74521.004000,0,0
Sat_real_1,7500639.947214,0.005809,0.576188,74581.004000,0,0
Sat_real_1,7500854.504223,0.005832,0.576210,74641.004000,0,0
Sat_real_1,7501093.372146,0.005856,0.576235,74701.004000,0,0
Sat_real_1,7501353.042024,0.005880,0.576263,74761.004000,0,0
Sat_real_1,7501629.750768,0.005902,0.576292,74821.004000,0,0
Sat_real_1,7501919.630181,0.005923,0.576322,74881.004000,0,0
Sat_real_1,7502218.652977,0.005941,0.576354,74941.004000,0,0
Sat_real_1,7502522.722315,0.005954,0.576386,75001.004000,0,0
Sat_real_1,7502827.721293,0.005964,0.576418,75061.004000,0,0
Sat_real_1,7503129.509187,0.005968,0.576450,75121.004000,0,0
Sat_real_1,7503424.079169,0.005966,0.576481,75181.004000,0,0
Sat_real_1,7503707.508111,0.005958,0.576511,75241.004000,0,0
Sat_real_1,7503976.039216,0.005943,0.576540,75301.004000,0,0
Sat_real_1,7504226.114298,0.005921,0.576566,75361.004000,0,0
Sat_real_1,7504454.347448,0.005893,0.576590,75421.004000,0,0
Sat_real_1,7504657.657344,0.005858,0.576612,75481.004000,0,0
Sat_real_1,7504833.204526,0.005816,0.576630,75541.004000,0,0
Sat_real_1,7504978.473625,0.005768,0.576646,75601.004000,0,0
Sat_real_1,7505091.323704,0.005714,0.576657,75661.004000,0,0
Sat_real_1,7505169.994729,0.005656,0.576666,75721.004000,0,0
Sat_real_1,7505213.276135,0.005594,0.576670,75781.004000,0,0
Sat_real_1,7505220.474429,0.005528,0.576671,75841.004000,0,0
Sat_real_1,7505191.501598,0.005461,0.576669,75901.004000,0,0
Sat_real_1,7505126.896722,0.005393,0.576662,75961.004000,0,0
Sat_real_1,7505027.764798,0.005325,0.576652,76021.004000,0,0
Sat_real_1,7504895.831227,0.005259,0.576639,76081.004000,0,0
Sat_real_1,7504733.276550,0.005195,0.576622,76141.004000,0,0
Sat_real_1,7504542.677891,0.005136,0.576603,76201.004000,0,0
Sat_real_1,7504326.902407,0.005081,0.576581,76261.004000,0,0
Sat_real_1,7504088.959116,0.005033,0.576556,76321.004000,0,0
Sat_real_1,7503832.021994,0.004990,0.576529,76381.004000,0,0
Sat_real_1,7503559.301755,0.004955,0.576501,76441.004000,0,0
Sat_real_1,7503274.081323,0.004926,0.576471,76501.004000,0,0
Sat_real_1,7502979.742917,0.004905,0.576441,76561.004000,0,0
Sat_real_1,7502679.763625,0.004891,0.576410,76621.004000,0,0
Sat_real_1,7502377.857498,0.004884,0.576379,76681.004000,0,0
Sat_real_1,7502077.913793,0.004884,0.576349,76741.004000,0,0
Sat_real_1,7501784.024684,0.004888,0.576319,76801.004000,0,0
Sat_real_1,7501500.427232,0.004898,0.576290,76861.004000,0,0
Sat_real_1,7501231.353336,0.004911,0.576263,76921.004000,0,0
Sat_real_1,7500980.980467,0.004927,0.576238,76981.004000,0,0
Sat_real_1,7500753.193274,0.004944,0.576216,77041.004000,0,0
Sat_real_1,7500551.467936,0.004961,0.576195,77101.004000,0,0
Sat_real_1,7500378.747927,0.004976,0.576178,77161.004000,0,0
Sat_real_1,7500237.317837,0.004990,0.576164,77221.004000,0,0
Sat_real_1,7500128.872147,0.005001,0.576152,77281.004000,0,0
Sat_real_1,7500054.459998,0.005009,0.576145,77341.004000,0,0
Sat_real_1,7500014.591534,0.005013,0.576140,77401.004000,0,0
Sat_real_1,7500009.326524,0.005013,0.576140,77461.004000,0,0
Sat_real_1,7500038.314579,0.005009,0.576142,77521.004000,0,0
Sat_real_1,7500100.951550,0.005000,0.576149,77581.004000,0,0
Sat_real_1,7500196.327295,0.004988,0.576159,77641.004000,0,0
Sat_real_1,7500323.254191,0.004972,0.576172,77701.004000,0,0
Sat_real_1,7500480.227358,0.004954,0.576188,77761.004000,0,0
Sat_real_1,7500665.324858,0.004933,0.576207,77821.004000,0,0
Sat_real_1,7500876.248048,0.004911,0.576229,77881.004000,0,0
Sat_real_1,7501110.218665,0.004888,0.576253,77941.004000,0,0
Sat_real_1,7501364.032010,0.004867,0.576279,78001.004000,0,0
Sat_real_1,7501634.118245,0.004847,0.576307,78061.004000,0,0
Sat_real_1,7501916.594334,0.004830,0.576337,78121.004000,0,0
Sat_real_1,7502207.480940,0.004817,0.576367,78181.004000,0,0
Sat_real_1,7502502.742949,0.004809,0.576398,78241.004000,0,0
Sat_real_1,7502798.432864,0.004807,0.576429,78301.004000,0,0
Sat_real_1,7503090.758770,0.004812,0.576459,78361.004000,0,0
Sat_real_1,7503376.067380,0.004824,0.576489,78421.004000,0,0
Sat_real_1,7503650.899688,0.004844,0.576518,78481.004000,0,0
Sat_real_1,7503911.894368,0.004871,0.576545,78541.004000,0,0
Sat_real_1,7504155.776456,0.004906,0.576571,78601.004000,0,0
Sat_real_1,7504379.302703,0.004947,0.576594,78661.004000,0,0
Sat_real_1,7504579.273537,0.004995,0.576615,78721.004000,0,0
Sat_real_1,7504752.664434,0.005049,0.576634,78781.004000,0,0
Sat_real_1,7504896.645895,0.005108,0.576649,78841.004000,0,0
Sat_real_1,7505008.787344,0.005171,0.576661,78901.004000,0,0
Sat_real_1,7505087.162153,0.005236,0.576669,78961.004000,0,0
Sat_real_1,7505130.467632,0.005303,0.576674,79021.004000,0,0
Sat_real_1,7505138.167360,0.005371,0.576676,79081.004000,0,0
Sat_real_1,7505110.410147,0.005437,0.576674,79141.004000,0,0
Sat_real_1,7505048.037917,0.005501,0.576668,79201.004000,0,0
Sat_real_1,7504952.435019,0.005562,0.576659,79261.004000,0,0
Sat_real_1,7504825.384868,0.005619,0.576646,79321.004000,0,0
Sat_real_1,7504668.996737,0.005671,0.576631,79381.004000,0,0
Sat_real_1,7504485.504323,0.005718,0.576612,79441.004000,0,0
Sat_real_1,7504277.270606,0.005760,0.576590,79501.004000,0,0
Sat_real_1,7504046.745643,0.005795,0.576566,79561.004000,0,0
Sat_real_1,7503796.515395,0.005824,0.576540,79621.004000,0,0
Sat_real_1,7503529.461366,0.005847,0.576511,79681.004000,0,0
Sat_real_1,7503248.750070,0.005863,0.576482,79741.004000,0,0
Sat_real_1,7502957.964186,0.005873,0.576451,79801.004000,0,0
Sat_real_1,7502661.068706,0.005877,0.576419,79861.004000,0,0
Sat_real_1,7502362.352939,0.005876,0.576387,79921.004000,0,0
Sat_real_1,7502066.381827,0.005869,0.576356,79981.004000,0,0
Sat_real_1,7501777.735072,0.005859,0.576325,80041.004000,0,0
Sat_real_1,7501500.887524,0.005846,0.576296,80101.004000,0,0
Sat_real_1,7501239.990779,0.005830,0.576268,80161.004000,0,0
Sat_real_1,7500998.733184,0.005814,0.576242,80221.004000,0,0
Sat_real_1,7500780.337555,0.005796,0.576218,80281.004000,0,0
Sat_real_1,7500587.448781,0.005780,0.576197,80341.004000,0,0
Sat_real_1,7500422.245188,0.005764,0.576179,80401.004000,0,0
Sat_real_1,7500286.485043,0.005751,0.576164,80461.004000,0,0
Sat_real_1,7500181.619188,0.005741,0.576153,80521.004000,0,0
Sat_real_1,7500108.882401,0.005733,0.576145,80581.004000,0,0
Sat_real_1,7500069.306745,0.005729,0.576142,80641.004000,0,0
Sat_real_1,7500063.713205,0.005729,0.576142,80701.004000,0,0
Sat_real_1,7500092.737287,0.005734,0.576145,80761.004000,0,0
Sat_real_1,7500156.640876,0.005742,0.576153,80821.004000,0,0
Sat_real_1,7500255.274902,0.005754,0.576164,80881.004000,0,0
Sat_real_1,7500387.933459,0.005770,0.576178,80941.004000,0,0
Sat_real_1,7500553.267959,0.005790,0.576196,81001.004000,0,0
Sat_real_1,7500749.326180,0.005811,0.576217,81061.004000,0,0
Sat_real_1,7500973.456921,0.005835,0.576240,81121.004000,0,0
Sat_real_1,7501222.434990,0.005859,0.576266,81181.004000,0,0
Sat_real_1,7501492.508954,0.005883,0.576294,81241.004000,0,0
Sat_real_1,7501779.510311,0.005906,0.576324,81301.004000,0,0
Sat_real_1,7502079.057831,0.005926,0.576355,81361.004000,0,0
Sat_real_1,7502386.572863,0.005943,0.576387,81421.004000,0,0
Sat_real_1,7502697.455042,0.005956,0.576419,81481.004000,0,0
Sat_real_1,7503007.123258,0.005964,0.576451,81541.004000,0,0
Sat_real_1,7503311.073799,0.005966,0.576483,81601.004000,0,0
Sat_real_1,7503605.005499,0.005961,0.576513,81661.004000,0,0
Sat_real_1,7503884.760452,0.005950,0.576543,81721.004000,0,0
Sat_real_1,7504146.433218,0.005932,0.576570,81781.004000,0,0
Sat_real_1,7504386.374108,0.005907,0.576596,81841.004000,0,0
Sat_real_1,7504601.235495,0.005875,0.576619,81901.004000,0,0
Sat_real_1,7504788.106289,0.005837,0.576639,81961.004000,0,0
Sat_real_1,7504944.469862,0.005791,0.576656,82021.004000,0,0
Sat_real_1,7505068.322998,0.005740,0.576670,82081.004000,0,0
Sat_real_1,7505158.169147,0.005684,0.576681,82141.004000,0,0
Sat_real_1,7505213.025924,0.005623,0.576688,82201.004000,0,0
Sat_real_1,7505232.488409,0.005559,0.576691,82261.004000,0,0
Sat_real_1,7505216.600995,0.005492,0.576691,82321.004000,0,0
Sat_real_1,7505165.878088,0.005424,0.576687,82381.004000,0,0
Sat_real_1,7505081.214756,0.005356,0.576679,82441.004000,0,0
Sat_real_1,7504963.838537,0.005289,0.576668,82501.004000,0,0
Sat_real_1,7504815.355740,0.005224,0.576654,82561.004000,0,0
Sat_real_1,7504637.650757,0.005162,0.576636,82621.004000,0,0
Sat_real_1,7504432.964377,0.005104,0.576616,82681.004000,0,0
Sat_real_1,7504203.878578,0.005052,0.576592,82741.004000,0,0
Sat_real_1,7503953.333786,0.005005,0.576567,82801.004000,0,0
Sat_real_1,7503684.707269,0.004966,0.576540,82861.004000,0,0
Sat_real_1,7503401.698659,0.004933,0.576511,82921.004000,0,0
Sat_real_1,7503108.335878,0.004908,0.576481,82981.004000,0,0
Sat_real_1,7502808.843021,0.004891,0.576451,83041.004000,0,0
Sat_real_1,7502507.512624,0.004880,0.576420,83101.004000,0,0
Sat_real_1,7502208.636606,0.004876,0.576389,83161.004000,0,0
Sat_real_1,7501916.288808,0.004877,0.576359,83221.004000,0,0
Sat_real_1,7501634.281655,0.004884,0.576330,83281.004000,0,0
Sat_real_1,7501366.066287,0.004894,0.576302,83341.004000,0,0
Sat_real_1,7501114.711604,0.004907,0.576275,83401.004000,0,0
Sat_real_1,7500883.003165,0.004921,0.576251,83461.004000,0,0
Sat_real_1,7500673.414765,0.004937,0.576229,83521.004000,0,0
Sat_real_1,7500488.244014,0.004953,0.576210,83581.004000,0,0
Sat_real_1,7500329.637988,0.004967,0.576194,83641.004000,0,0
Sat_real_1,7500199.619682,0.004980,0.576181,83701.004000,0,0
Sat_real_1,7500100.139299,0.004990,0.576171,83761.004000,0,0
Sat_real_1,7500032.926753,0.004997,0.576165,83821.004000,0,0
Sat_real_1,7499999.448773,0.005000,0.576162,83881.004000,0,0
Sat_real_1,7500000.750252,0.004999,0.576163,83941.004000,0,0
Sat_real_1,7500037.327949,0.004994,0.576167,84001.004000,0,0
Sat_real_1,7500109.099793,0.004985,0.576175,84061.004000,0,0
Sat_real_1,7500215.271027,0.004971,0.576187,84121.004000,0,0
Sat_real_1,7500354.398661,0.004954,0.576201,84181.004000,0,0
Sat_real_1,7500524.414632,0.004934,0.576219,84241.004000,0,0
Sat_real_1,7500722.720723,0.004912,0.576239,84301.004000,0,0
Sat_real_1,7500946.377607,0.004889,0.576262,84361.004000,0,0
Sat_real_1,7501192.135270,0.004866,0.576287,84421.004000,0,0
Sat_real_1,7501456.590251,0.004844,0.576314,84481.004000,0,0
Sat_real_1,7501736.210072,0.004824,0.576343,84541.004000,0,0
Sat_real_1,7502027.351835,0.004808,0.576372,84601.004000,0,0
Sat_real_1,7502326.319911,0.004796,0.576403,84661.004000,0,0
Sat_real_1,7502629.262305,0.004789,0.576434,84721.004000,0,0
Sat_real_1,7502932.217273,0.004789,0.576465,84781.004000,0,0
Sat_real_1,7503231.090583,0.004796,0.576495,84841.004000,0,0
Sat_real_1,7503521.705725,0.004810,0.576525,84901.004000,0,0
Sat_real_1,7503799.937426,0.004832,0.576553,84961.004000,0,0
Sat_real_1,7504061.775948,0.004862,0.576580,85021.004000,0,0
Sat_real_1,7504303.493710,0.004900,0.576605,85081.004000,0,0
Sat_real_1,7504521.705903,0.004944,0.576628,85141.004000,0,0
Sat_real_1,7504713.506200,0.004996,0.576647,85201.004000,0,0
Sat_real_1,7504876.498306,0.005052,0.576665,85261.004000,0,0
Sat_real_1,7505008.747123,0.005113,0.576678,85321.004000,0,0
Sat_real_1,7505108.773759,0.005178,0.576689,85381.004000,0,0
Sat_real_1,7505175.428037,0.005245,0.576696,85441.004000,0,0
Sat_real_1,7505207.876633,0.005313,0.576700,85501.004000,0,0
Sat_real_1,7505205.560504,0.005381,0.576700,85561.004000,0,0
Sat_real_1,7505168.161314,0.005447,0.576697,85621.004000,0,0
Sat_real_1,7505095.699237,0.005512,0.576690,85681.004000,0,0
Sat_real_1,7504988.559245,0.005573,0.576679,85741.004000,0,0
Sat_real_1,7504847.651767,0.005629,0.576665,85801.004000,0,0
Sat_real_1,7504674.501223,0.005681,0.576649,85861.004000,0,0
Sat_real_1,7504471.261855,0.005727,0.576629,85921.004000,0,0
Sat_real_1,7504240.767319,0.005767,0.576606,85981.004000,0,0
Sat_real_1,7503986.408117,0.005800,0.576581,86041.004000,0,0
Sat_real_1,7503712.070739,0.005826,0.576555,86101.004000,0,0
Sat_real_1,7503421.980110,0.005845,0.576526,86161.004000,0,0
Sat_real_1,7503120.500387,0.005858,0.576497,86221.004000,0,0
Sat_real_1,7502812.043436,0.005865,0.576466,86281.004000,0,0
Sat_real_1,7502500.908106,0.005866,0.576435,86341.004000,0,0
