name_sat,x,y,z
SAT_P1_S1,-7701061.861480187,258451.77075636157,20144.387259757994
SAT_P1_S2,-7055910.695060932,-671196.1386571275,3024479.055484084
SAT_P1_S3,-5187457.180644411,-1484491.8493017245,5504500.905398575
SAT_P1_S4,-2420232.0977994544,-2040623.5421235086,7030943.000569045
SAT_P1_S5,765953.3067523199,-2243609.177498272,7340611.106411826
SAT_P1_S6,3819853.0788444253,-2058773.8941111793,6381398.8640151005
SAT_P1_S7,6214314.607950335,-1518465.2044338735,4320344.968366155
SAT_P1_S8,7536834.495625795,-716203.8203484784,1513970.6646775443
SAT_P1_S9,7559879.524104123,209549.99245004338,-1553460.5504924362
SAT_P1_S10,6279475.998791724,1099166.8837798117,-4353026.144137956
SAT_P1_S11,3915889.5781214316,1799158.217238266,-6401633.969072908
SAT_P1_S12,876282.8156946319,2188494.8515155828,-7344906.856922284
SAT_P1_S13,-2314680.8677341277,2199529.7634123475,-7018557.446195555
SAT_P1_S14,-5104950.905691569,1829910.590652979,-5477578.091628741
SAT_P1_S15,-7010742.458251579,1143280.5708409254,-2987683.5961479642
SAT_P2_S1,-7113640.42270539,-2952826.347089085,224810.68870107015
SAT_P2_S2,-6066668.02454152,-3504682.6442706236,3209047.6970572127
SAT_P2_S3,-3967928.072057848,-3448956.747463267,5636994.238354324
SAT_P2_S4,-1181732.6058081572,-2795738.371678893,7088466.495359492
SAT_P2_S5,1809064.8407757333,-1658683.1516997511,7313302.362368715
SAT_P2_S6,4487283.05647103,-234891.18380148953,6274077.49045463
SAT_P2_S7,6390865.619163654,1229498.6482465488,4151614.9459134885
SAT_P2_S8,7192090.712811641,2481835.517904084,1312972.8358161212
SAT_P2_S9,6753296.33511206,3306274.8274246347,-1752064.2912313668
SAT_P2_S10,5150105.291110776,3560640.5746585242,-4514984.911078765
SAT_P2_S11,2658513.361995369,3200760.065241536,-6498970.820379701
SAT_P2_S12,-292034.5640438841,2288226.9670336256,-7360737.910197432
SAT_P2_S13,-3191991.335377282,980168.7940551876,-6950046.147020207
SAT_P2_S14,-5539394.344638029,-497486.488977565,-5336491.002979518
SAT_P2_S15,-6927010.20908337,-1888910.5649911957,-2798408.4555179253
SAT_P3_S1,-5245920.679046979,-5627840.097468036,425998.4579235067
SAT_P3_S2,-4008824.7394258603,-5642254.622739025,3388364.519867927
SAT_P3_S3,-2076740.948323097,-4678532.206560941,5763376.182674981
SAT_P3_S4,215146.68812232302,-2904332.4156675497,7140081.8213292435
SAT_P3_S5,2469886.800482916,-627502.4194754648,7281313.288105208
SAT_P3_S6,4297835.036891667,1757862.1271981285,6164111.4553393815
SAT_P3_S7,5383878.945233891,3839829.7930639074,3982728.809194426
SAT_P3_S8,5541290.543026352,5259514.6339406585,1114330.523925447
SAT_P3_S9,4743314.484138124,5772400.60341738,-1946208.465409411
SAT_P3_S10,3127489.737685839,5289987.247407363,-4671147.099524126
SAT_P3_S11,972156.9646058631,3894971.904220601,-6590170.0736696655
SAT_P3_S12,-1350976.3240394641,1827422.5818276594,-7371146.673910157
SAT_P3_S13,-3440466.437825566,-555977.2161309327,-6877764.589099169
SAT_P3_S14,-4934381.314504016,-2843062.1847278727,-5193940.858400042
SAT_P3_S15,-5573303.994490536,-4637485.794663454,-2610235.0988859017
SAT_P4_S1,-2439151.7336085644,-7282482.875636357,624465.0582592913
SAT_P4_S2,-1279951.0887822926,-6712122.419216305,3563344.806933801
SAT_P4_S3,101153.18720297344,-4978187.141694568,5884561.3474822305
SAT_P4_S4,1464776.6605932803,-2381897.935095634,7186544.337687438
SAT_P4_S5,2575003.331273427,626616.5443167322,7245108.996799672
SAT_P4_S6,3240264.696704028,3526949.2870226265,6051594.9733202215
SAT_P4_S7,3346198.0848416025,5818532.594955381,3813393.518813529
SAT_P4_S8,2874979.966042359,7106576.608860851,917414.1032708093
SAT_P4_S9,1908082.6484054634,7169377.335766424,-2136750.4976938954
SAT_P4_S10,612191.0852416903,5995985.079618844,-4822449.92560984
SAT_P4_S11,-789288.3817719431,3788157.474830796,-6676087.07927059
SAT_P4_S12,-2054417.9534287795,926220.4592123801,-7376759.160026425
SAT_P4_S13,-2964302.674812124,-2095750.1962672381,-6802001.520874678
SAT_P4_S14,-3361032.404497675,-4754841.541196977,-5049829.359455794
SAT_P4_S15,-3175371.156628271,-6589973.272718121,-2422695.1948232325
SAT_P5_S1,794791.3722509495,-7620229.7640585415,821403.7922418601
SAT_P5_S2,1608401.682785858,-6546091.260168842,3735192.659350653
SAT_P5_S3,2143217.503259449,-4337195.163449412,6001555.98119095
SAT_P5_S4,2306833.464040708,-1377009.12731693,7228488.01305521
SAT_P5_S5,2071342.9329240387,1821524.2149527175,7204841.210891562
SAT_P5_S6,1477908.43874582,4705406.28238981,5936171.045587441
SAT_P5_S7,629350.6654751985,6777160.426493208,3642804.8935564742
SAT_P5_S8,-327768.56964115624,7680073.318605893,721111.0329973286
SAT_P5_S9,-1228380.9793355137,7258875.975635422,-2324919.2488950975
SAT_P5_S10,-1917172.1842172225,5586029.112739558,-4970026.514408286
SAT_P5_S11,-2275166.6146010957,2949436.611334912,-6757563.753111328
SAT_P5_S12,-2240218.054559197,-196447.56218124606,-7377980.897343061
SAT_P5_S13,-1817917.0111884286,-3308248.5728223803,-6722656.256140887
SAT_P5_S14,-1080923.1251082078,-5847240.8096680995,-4903567.221824563
SAT_P5_S15,-156640.60175566538,-7372937.457349869,-2234812.9522542255
SAT_P6_S1,3868012.554871553,-6586082.017531923,1018193.7679771549
SAT_P6_S2,4127499.39982134,-5206268.553667965,3905146.6134451604
SAT_P6_S3,3671536.4923694613,-2923980.9524742938,6115243.446695442
SAT_P6_S4,2579673.688717505,-135209.32515815005,7266287.921466258
SAT_P6_S5,1041489.6486278662,2677054.459320792,7160311.562505828
SAT_P6_S6,-676708.0639198364,5026850.412090796,5817101.88862607
SAT_P6_S7,-2278154.5396974254,6509072.297382018,3469812.9896249296
SAT_P6_S8,-3486723.3991584387,6868723.375070776,524057.6498212229
SAT_P6_S9,-4094157.370611704,6044154.557143072,-2512056.7735263137
SAT_P6_S10,-3995606.0862018056,4177369.841642084,-5114965.7273108065
SAT_P6_S11,-3207636.3597722086,1589849.2529646847,-6835247.902352433
SAT_P6_S12,-1865679.5734523758,-1272177.608202808,-7374906.958215266
SAT_P6_S13,-201153.1322222455,-3914110.526819149,-6639254.971753916
SAT_P6_S14,1498143.1959379711,-5878318.264155024,-4754193.943419742
SAT_P6_S15,2937781.001073278,-6823806.139038104,-2045307.623595843
SAT_P7_S1,6224941.425829781,-4375658.8285674965,1216116.312989865
SAT_P7_S2,5829464.33027612,-2968416.444197829,4074224.3972228104
SAT_P7_S3,4423552.35745859,-1046626.7524530236,6226201.567336754
SAT_P7_S4,2251518.4825352645,1056479.3203733815,7299981.807446953
SAT_P7_S5,-310074.23271977226,2976906.439702273,7111010.932585554
SAT_P7_S6,-2818184.0070319544,4383062.559322534,5693419.231481945
SAT_P7_S7,-4839972.727113768,5032783.345109343,3293157.399613406
SAT_P7_S8,-6027092.999868473,4814561.274240335,324918.88176123926
SAT_P7_S9,-6175103.071242906,3766275.6066748463,-2699342.4133348675
SAT_P7_S10,-5258274.608853068,2068546.401134338,-5258087.633671911
SAT_P7_S11,-3434130.737928219,13924.431455964848,-6909458.816493224
SAT_P7_S12,-1016871.4208623302,-2043032.0760458175,-7367300.893597657
SAT_P7_S13,1576153.976791543,-3746597.1003401526,-6551046.646488963
SAT_P7_S14,3896200.1894125757,-4801422.563480155,-4600574.155193412
SAT_P7_S15,5540972.690860959,-5024126.199791199,-1852856.2520171697
SAT_P8_S1,7444216.746366499,-1397908.790498826,1416090.834621124
SAT_P8_S2,6428177.243994967,-265890.39233191323,4243014.649909993
SAT_P8_S3,4297964.675855538,912237.0430736139,6334586.301417848
SAT_P8_S4,1423407.4539602082,1932429.9785142548,7329265.846233107
SAT_P8_S5,-1697463.5913862125,2618404.965491518,7056228.011620199
SAT_P8_S6,-4525185.459906806,2852041.024666497,5564126.905518481
SAT_P8_S7,-6572029.717068283,2593478.908724448,3111728.9004884805
SAT_P8_S8,-7485533.902755824,1887657.5500273267,122663.83305454794
SAT_P8_S9,-7108484.940968784,856391.6740269274,-2887550.7836320894
SAT_P8_S10,-5505614.900936833,-322540.2733454499,-5399776.8022521585
SAT_P8_S11,-2952713.294698317,-1445781.4989976522,-6980124.6406349
SAT_P8_S12,110161.44092778266,-2319234.4834901565,-7354647.023177733
SAT_P8_S13,3153871.4688013024,-2791541.27799117,-6457161.2427924005
SAT_P8_S14,5651384.595948616,-2780472.078783992,-4441634.317660768
SAT_P8_S15,7169395.335212119,-2287516.712879343,-1656367.863849122
SAT_P9_S1,7315188.110882028,1801406.3156838345,1618479.1851860008
SAT_P9_S2,5848218.864742636,2394539.2125285356,4411553.730124581
SAT_P9_S3,3367634.060123371,2572676.0510568647,6440102.331274186
SAT_P9_S4,303838.3003865035,2305340.429895996,7353564.085361562
SAT_P9_S5,-2812620.7593426453,1639269.2052478702,6995205.563753746
SAT_P9_S6,-5443309.454081797,689992.0531559963,5428416.926984633
SAT_P9_S7,-7134720.679692563,-378382.0462482284,2924808.067757817
SAT_P9_S8,-7595787.800940845,-1381520.2965190734,-83214.21035928825
SAT_P9_S9,-6747293.268865601,-2146475.2781979865,-3076888.3025173726
SAT_P9_S10,-4735233.267428065,-2541256.400276394,-5539903.562765707
SAT_P9_S11,-1906045.690692419,-2497469.259267857,-7046801.975603607
SAT_P9_S12,1252324.975830807,-2022228.9954535605,-7336265.009626251
SAT_P9_S13,4193971.752265526,-1197230.9889054534,-6356799.453197471
SAT_P9_S14,6409279.60262954,-164941.5518463367,-4276594.7855848335
SAT_P9_S15,7513687.9034091905,895913.4795825362,-1455217.6237937673
SAT_P10_S1,5874954.833567568,4641001.542882163,1822994.5434479052
SAT_P10_S2,4233333.13416107,4528591.060410442,4579308.975084904
SAT_P10_S3,1858010.53677929,3631344.69546849,6542063.58141048
SAT_P10_S4,-839095.1468623688,2105319.3105234858,7372155.718809286
SAT_P10_S5,-3391183.807425785,215136.78918418125,6927312.429650003
SAT_P10_S6,-5357580.144818988,-1712272.6159693978,5285856.5171191385
SAT_P10_S7,-6399528.720388734,-3344264.2124524144,2732235.0529494765
SAT_P10_S8,-6337939.901910107,-4399584.131294608,-292574.50955213024
SAT_P10_S9,-5183648.701811433,-4696385.228291825,-3266937.6762244185
SAT_P10_S10,-3135419.1527206507,-4183256.440803315,-5677845.83526748
SAT_P10_S11,-546119.0641824307,-2948172.1329697263,-7108771.307758194
SAT_P10_S12,2137442.606664041,-1203775.2109515574,-7311462.423164518
SAT_P10_S13,4451173.740517286,748786.1797818225,-6249416.017831714
SAT_P10_S14,5993995.193459286,2571614.794588918,-4105152.1253310023
SAT_P10_S15,6497861.257307328,3948674.7396734767,-1249396.5370535864
SAT_P11_S1,3399321.500664759,6611129.576701803,2028731.072310326
SAT_P11_S2,1913708.0626825732,5763814.704099435,4745269.245207651
SAT_P11_S3,96418.68882137295,3917625.4709714022,6639528.9354261
SAT_P11_S4,-1737624.0887415805,1393106.413712744,7384332.456372711
SAT_P11_S5,-3271247.9944274835,-1372414.4155373708,6852195.325680507
SAT_P11_S6,-4239904.1628000215,-3900981.696056198,5136508.121167866
SAT_P11_S7,-4476993.054960596,-5756502.1470269235,2534477.1327624875
SAT_P11_S8,-3942083.1737315184,-6619408.637972834,-504625.4261650708
SAT_P11_S9,-2727530.8874574164,-6341078.806903961,-3456719.150416924
SAT_P11_S10,-1042600.0980522884,-4969149.507081815,-5812604.533578597
SAT_P11_S11,822231.2073419138,-2739601.9318752303,-7165186.671333941
SAT_P11_S12,2544927.914329613,-36775.056028717125,-7279692.8208295675
SAT_P11_S13,3827307.4758860352,2672315.7227849416,-6134858.873712413
SAT_P11_S14,4446803.632927499,4918510.340362343,-3927575.2192505724
SAT_P11_S15,4295500.181911675,6312110.147111416,-1039547.83121255
SAT_P12_S1,349711.71670468117,7366457.887072677,2234307.9180942364
SAT_P12_S2,-660822.9420095085,5905694.742820638,4908123.269797591
SAT_P12_S3,-1556869.507910654,3421508.2203196427,6731484.000649703
SAT_P12_S4,-2183421.0792818842,344907.2665561734,7389552.223663039
SAT_P12_S5,-2432448.7410790157,-2791446.5124887847,6769877.902575465
SAT_P12_S6,-2261376.400069281,-5445794.778796322,4980956.734471395
SAT_P12_S7,-1700123.0719769676,-7160593.807365265,2332579.610642936
SAT_P12_S8,-845706.1674085405,-7640690.876394209,-718041.4654535461
SAT_P12_S9,154514.4915402179,-6803467.362018319,-3644855.322908472
SAT_P12_S10,1128067.9542227215,-4792864.249281477,-5942987.7415956
SAT_P12_S11,1906879.5877625607,-1955035.498646865,-7215247.419347444
SAT_P12_S12,2356159.4521324234,1220516.581498369,-7240685.439433868
SAT_P12_S13,2397791.3847515727,4184796.4671089556,-6013434.322546397
SAT_P12_S14,2024125.1671582744,6424181.708788138,-3744694.599331524
SAT_P12_S15,1299598.8687342736,7549940.903097045,-826882.284538939
SAT_P13_S1,-2713697.323979315,6787613.572756686,2438099.7816459937
SAT_P13_S2,-3008246.352247115,4968597.955926665,5066490.077178761
SAT_P13_S3,-2781537.498675677,2288583.6774198674,6817031.452028246
SAT_P13_S4,-2073317.356901978,-787691.446024647,7387556.463059786
SAT_P13_S5,-1006592.0438195639,-3727886.763543253,6680784.731544526
SAT_P13_S6,234004.3261615451,-6024383.851946201,4820236.453185992
SAT_P13_S7,1434257.5596060327,-7281548.067643227,2128007.6260334523
SAT_P13_S8,2387216.512887419,-7283178.7479567565,-931178.9224107134
SAT_P13_S9,2928591.5390002797,-6029117.903653822,-3829807.0724805137
SAT_P13_S10,2964841.299868783,-3735195.9757769145,-6067826.249010659
SAT_P13_S11,2489302.1105824313,-796577.3539611239,-7258356.173858816
SAT_P13_S12,1583600.9011303077,2279592.7474562204,-7194518.263779953
SAT_P13_S13,403936.51611093286,4961236.060069671,-5885882.557825365
SAT_P13_S14,-845659.5326908045,6783459.052909138,-3557784.6485695885
SAT_P13_S15,-1948638.5729107002,7429739.474119198,-612987.5050674065
SAT_P14_S1,-5236126.568437703,5000256.087917508,2638510.3366691796
SAT_P14_S2,-4705455.973706371,3166580.2997300476,5219156.681743318
SAT_P14_S3,-3359461.6745720636,784186.4544511362,6895551.79659062
SAT_P14_S4,-1431918.652429451,-1734027.1322864755,7378426.152392164
SAT_P14_S5,743255.4924819658,-3952542.0672820685,6585682.908981555
SAT_P14_S6,2790152.037662589,-5488586.48255838,4655667.770863825
SAT_P14_S7,4355735.908747635,-6077769.61986503,1922407.2288906982
SAT_P14_S8,5170298.697251564,-5619001.319875751,-1142349.8290167227
SAT_P14_S9,5093437.062659392,-4191454.1435393286,-4010135.303896354
SAT_P14_S10,4138038.23168362,-2040974.563295416,-6186177.957472862
SAT_P14_S11,2468316.8778798482,461773.6527176914,-7294230.608995991
SAT_P14_S12,372069.23493986885,2884625.134014495,-7141617.856900967
SAT_P14_S13,-1788484.5582317566,4808251.249792958,-5753265.551069774
SAT_P14_S14,-3639170.7325662323,5898925.456972928,-3368358.94332279
SAT_P14_S15,-4858952.299363742,5966965.059910088,-399566.19726268726
SAT_P15_S1,-6770063.519919396,2348591.713268684,2834237.171412628
SAT_P15_S2,-5465613.85357325,866820.4726769623,5365277.831462283
SAT_P15_S3,-3214162.400808744,-765174.8352173468,6966803.322073271
SAT_P15_S4,-406323.12954779255,-2264789.707889807,7362564.669685745
SAT_P15_S5,2471861.345778563,-3372938.194922599,6485550.819766799
SAT_P15_S6,4923317.08950976,-3898710.0381529694,4488634.918685988
SAT_P15_S7,6525494.806159851,-3751918.1874827733,1717329.7161944904
SAT_P15_S8,7002553.626550662,-2958215.4030099297,-1350103.0936597714
SAT_P15_S9,6272271.555834474,-1654480.3306531261,-4184739.0973311686
SAT_P15_S10,4460087.09271728,-65387.3622308435,-6297481.962783722
SAT_P15_S11,1877959.299186555,1534944.6420065495,-7322946.856004451
SAT_P15_S12,-1028658.863320551,2869920.2961377194,-7082684.567808367
SAT_P15_S13,-3757167.1098774625,3708215.089357545,-5616786.984892076
SAT_P15_S14,-5834732.278404653,3904100.028276098,-3177916.091968427
SAT_P15_S15,-6900739.241696209,3423156.4529194986,-188151.96601542935
